plan_type,monthly_revenue,payment_status,days_since_signup,last_login_days_ago,logins_last30days,active_features_used,tickets_opened,NPS_score,churned,signup_date
Basic,69,Late,122,38,2,1,9,-12,0,2025-06-26
Basic,6,On-time,318,33,2,2,4,-6,1,2024-12-12
Basic,28,Late,145,41,4,1,2,-6,1,2025-06-03
Basic,30,Late,75,48,4,0,9,-86,1,2025-08-12
Basic,20,Late,253,26,2,2,4,-53,1,2025-02-15
Basic,83,Late,322,50,3,2,9,-6,1,2024-12-08
Basic,10,On-time,107,26,4,2,2,-73,1,2025-07-11
Basic,49,Late,124,29,0,2,3,-34,1,2025-06-24
Basic,24,Late,202,52,1,0,4,-74,1,2025-04-07
Free,0,On-time,48,18,0,1,8,-68,1,2025-09-08
Free,49,On-time,197,36,4,0,7,-48,1,2025-04-12
Basic,83,On-time,272,44,0,2,6,-81,1,2025-01-27
Basic,30,Late,199,43,2,0,9,-93,0,2025-04-10
Basic,33,Late,125,46,2,1,9,-52,0,2025-06-23
Free,38,On-time,196,15,0,1,4,-58,1,2025-04-13
Basic,19,Late,168,48,4,1,7,-83,1,2025-05-11
Basic,38,Late,184,45,2,0,4,-5,1,2025-04-25
Basic,2,On-time,297,28,4,1,5,-31,0,2025-01-02
Basic,66,Late,308,59,4,0,6,-13,1,2024-12-22
Free,98,Late,35,45,2,2,3,-74,0,2025-09-21
Free,38,Late,352,19,1,2,3,-94,1,2024-11-08
Basic,97,On-time,356,24,0,2,7,-33,1,2024-11-04
Basic,46,On-time,215,28,1,1,3,-50,0,2025-03-25
Basic,31,Late,343,17,1,2,8,-6,1,2024-11-17
Basic,87,On-time,108,54,0,0,7,-1,0,2025-07-10
Basic,61,Late,75,45,4,1,5,-97,1,2025-08-12
Free,85,Late,289,18,0,1,3,-58,1,2025-01-10
Free,29,Late,121,17,1,1,9,-99,1,2025-06-27
Basic,72,On-time,172,54,1,1,9,-72,1,2025-05-07
Basic,65,On-time,272,56,1,2,3,-91,0,2025-01-27
Basic,75,On-time,165,38,0,1,2,-87,1,2025-05-14
Basic,57,On-time,343,17,1,2,2,-55,1,2024-11-17
Basic,35,Late,250,19,3,1,4,-83,1,2025-02-18
Free,62,On-time,259,29,4,2,8,-45,0,2025-02-09
Basic,34,Late,314,48,1,2,3,-85,1,2024-12-16
Free,7,On-time,140,52,1,2,7,-44,1,2025-06-08
Basic,62,Late,299,18,0,1,6,-57,1,2024-12-31
Free,34,Late,138,54,4,2,9,-65,1,2025-06-10
Free,58,On-time,44,33,1,0,2,-98,1,2025-09-12
Basic,49,Late,94,16,4,0,2,-49,1,2025-07-24
Basic,17,Late,126,24,2,0,3,-94,0,2025-06-22
Basic,88,Late,306,47,0,0,5,-50,1,2024-12-24
Free,1,On-time,282,44,0,2,5,-8,1,2025-01-17
Basic,63,On-time,361,44,0,0,9,-63,0,2024-10-30
Free,85,Late,111,38,1,0,8,-12,0,2025-07-07
Basic,2,Late,118,19,1,0,2,-53,1,2025-06-30
Free,24,Late,172,22,4,0,8,-10,1,2025-05-07
Basic,42,Late,94,25,2,0,6,-27,1,2025-07-24
Basic,45,Late,352,59,4,0,5,-6,0,2024-11-08
Basic,74,On-time,339,36,1,2,4,-70,0,2024-11-21
Basic,79,Late,355,16,4,0,3,-44,1,2024-11-05
Free,76,Late,164,23,1,1,4,-90,1,2025-05-15
Free,20,Late,206,52,4,2,7,-82,1,2025-04-03
Free,72,Late,101,38,4,0,7,-58,1,2025-07-17
Free,30,On-time,43,20,2,0,7,-10,1,2025-09-13
Free,90,On-time,153,42,3,2,6,-60,0,2025-05-26
Free,82,On-time,225,57,2,0,7,-5,0,2025-03-15
Basic,13,Late,333,19,3,2,8,-98,0,2024-11-27
Basic,34,Late,231,32,3,2,6,-82,1,2025-03-09
Basic,62,Late,338,42,3,2,5,-82,0,2024-11-22
Free,78,Late,278,30,0,0,7,-91,1,2025-01-21
Free,19,Late,149,29,4,2,4,-37,0,2025-05-30
Free,48,On-time,352,20,1,1,3,-77,1,2024-11-08
Free,16,Late,79,23,4,1,2,-38,0,2025-08-08
Free,72,Late,165,19,1,0,7,-70,1,2025-05-14
Basic,17,Late,308,34,3,1,3,-81,1,2024-12-22
Free,55,On-time,346,41,0,0,4,-96,1,2024-11-14
Free,56,Late,30,49,1,1,3,-76,0,2025-09-26
Free,8,Late,79,22,4,2,8,-3,1,2025-08-08
Basic,72,Late,130,30,1,2,3,-26,1,2025-06-18
Basic,82,Late,210,27,2,0,4,-18,1,2025-03-30
Free,37,Late,266,23,1,1,8,-8,1,2025-02-02
Basic,81,Late,172,49,0,1,7,-56,1,2025-05-07
Free,19,Late,187,52,1,2,8,-24,1,2025-04-22
Basic,31,Late,212,16,1,0,7,-22,1,2025-03-28
Basic,94,On-time,320,38,0,0,8,-11,1,2024-12-10
Basic,62,Late,339,40,1,1,9,-31,1,2024-11-21
Free,11,Late,48,53,0,1,9,-68,1,2025-09-08
Basic,19,Late,34,59,4,1,4,-20,1,2025-09-22
Basic,87,Late,189,36,3,2,8,-54,1,2025-04-20
Basic,64,Late,131,32,2,1,9,-18,1,2025-06-17
Basic,61,Late,263,39,4,1,7,-57,1,2025-02-05
Basic,73,Late,94,15,1,0,6,-82,1,2025-07-24
Basic,68,On-time,91,53,3,1,2,-48,0,2025-07-27
Free,39,Late,323,38,2,0,6,-46,1,2024-12-07
Free,47,Late,210,53,4,2,6,-69,1,2025-03-30
Basic,33,Late,334,31,1,0,5,-85,1,2024-11-26
Basic,7,Late,32,37,3,1,2,-64,1,2025-09-24
Free,94,Late,43,20,4,1,9,-66,1,2025-09-13
Free,39,Late,329,20,4,0,2,-31,1,2024-12-01
Basic,92,Late,320,23,0,1,5,-62,1,2024-12-10
Free,57,Late,67,40,3,1,3,-6,1,2025-08-20
Basic,37,On-time,221,43,0,0,2,-7,0,2025-03-19
Basic,14,On-time,82,21,2,1,7,-87,1,2025-08-05
Free,98,On-time,138,41,2,1,3,-85,1,2025-06-10
Basic,17,Late,273,38,3,2,8,-4,1,2025-01-26
Free,28,Late,195,18,1,1,6,-84,1,2025-04-14
Basic,44,Late,81,24,0,0,8,-32,1,2025-08-06
Free,33,On-time,100,36,1,2,6,-93,1,2025-07-18
Basic,54,On-time,61,22,3,1,7,-90,1,2025-08-26
Basic,63,On-time,80,35,0,2,4,-70,0,2025-08-07
Basic,97,Late,236,27,3,0,3,-29,1,2025-03-04
Free,37,Late,101,25,2,2,7,-15,1,2025-07-17
Basic,61,On-time,281,22,4,1,4,-60,0,2025-01-18
Basic,64,Late,282,37,2,1,3,-71,1,2025-01-17
Basic,30,Late,214,36,2,0,4,-80,1,2025-03-26
Free,48,Late,34,57,3,1,6,-38,1,2025-09-22
Basic,32,Late,36,23,1,0,6,-66,1,2025-09-20
Basic,22,Late,213,49,1,2,9,-96,1,2025-03-27
Basic,34,Late,163,37,2,0,4,-19,1,2025-05-16
Basic,31,Late,181,32,0,1,8,-75,1,2025-04-28
Free,9,On-time,271,18,0,1,8,-41,1,2025-01-28
Basic,45,Late,239,50,0,2,9,-38,1,2025-03-01
Basic,67,Late,200,36,3,2,8,-85,1,2025-04-09
Basic,19,Late,77,37,1,0,7,-56,0,2025-08-10
Basic,35,Late,50,47,1,0,5,-74,1,2025-09-06
Free,98,Late,349,52,2,0,6,-28,0,2024-11-11
Basic,55,Late,179,42,3,1,9,-11,1,2025-04-30
Basic,50,Late,187,51,3,2,2,-71,1,2025-04-22
Free,36,Late,248,58,2,1,7,-81,1,2025-02-20
Basic,31,Late,50,30,3,0,6,-70,1,2025-09-06
Basic,37,Late,148,15,4,1,9,-100,0,2025-05-31
Free,97,Late,313,45,4,0,6,-29,1,2024-12-17
Free,31,Late,163,53,2,2,6,-43,1,2025-05-16
Basic,92,Late,73,46,1,0,7,-86,0,2025-08-14
Basic,28,On-time,115,48,0,0,7,-96,1,2025-07-03
Basic,52,Late,161,36,0,1,5,-35,1,2025-05-18
Free,53,Late,189,39,2,1,8,-62,1,2025-04-20
Basic,12,On-time,136,35,2,1,6,-10,1,2025-06-12
Free,1,Late,126,30,1,2,4,-87,1,2025-06-22
Basic,39,Late,254,45,3,0,8,-54,1,2025-02-14
Free,93,Late,318,49,3,0,9,-17,1,2024-12-12
Basic,78,Late,91,50,2,0,3,-58,1,2025-07-27
Basic,78,Late,81,21,0,1,4,-20,0,2025-08-06
Basic,37,Late,124,51,1,2,6,-80,1,2025-06-24
Free,71,Late,54,39,3,0,8,-17,1,2025-09-02
Basic,20,Late,286,50,2,2,9,-96,1,2025-01-13
Free,10,On-time,275,46,2,0,5,-4,1,2025-01-24
Free,85,Late,285,44,0,2,5,-86,1,2025-01-14
Free,61,On-time,337,51,1,1,6,-41,1,2024-11-23
Free,40,Late,258,36,2,0,5,-7,1,2025-02-10
Basic,3,Late,176,40,0,2,5,-81,1,2025-05-03
Free,25,On-time,268,52,1,1,5,-12,1,2025-01-31
Free,56,Late,361,35,1,1,5,-32,1,2024-10-30
Free,68,Late,30,30,3,2,3,-16,1,2025-09-26
Basic,47,On-time,265,47,2,1,8,-35,1,2025-02-03
Basic,36,On-time,283,28,0,0,6,-69,1,2025-01-16
Free,93,Late,246,28,2,1,7,-70,1,2025-02-22
Basic,50,Late,234,27,3,0,3,-77,1,2025-03-06
Free,64,Late,195,43,2,2,5,-81,1,2025-04-14
Basic,22,Late,303,45,2,0,3,-53,1,2024-12-27
Free,87,Late,351,16,4,0,7,-33,0,2024-11-09
Basic,66,Late,321,23,0,0,3,-53,1,2024-12-09
Basic,99,On-time,291,43,1,0,9,-98,1,2025-01-08
Basic,55,Late,213,49,1,2,3,-5,1,2025-03-27
Basic,2,Late,278,35,0,0,3,-52,1,2025-01-21
Free,2,Late,112,30,3,2,6,-25,1,2025-07-06
Basic,35,Late,150,48,4,2,9,-92,1,2025-05-29
Free,80,On-time,217,39,0,1,7,-96,1,2025-03-23
Free,43,On-time,83,22,3,2,7,-87,0,2025-08-04
Basic,11,Late,315,43,4,2,2,-48,1,2024-12-15
Basic,22,Late,120,23,2,1,6,-38,1,2025-06-28
Free,99,Late,133,52,1,0,5,-96,0,2025-06-15
Basic,78,On-time,277,34,2,0,3,-9,1,2025-01-22
Free,64,Late,265,24,4,1,6,-4,1,2025-02-03
Free,97,On-time,312,31,4,0,6,-52,1,2024-12-18
Free,6,Late,261,52,3,1,5,-46,1,2025-02-07
Free,11,On-time,179,37,1,1,6,-86,1,2025-04-30
Basic,16,Late,80,22,1,2,4,-97,1,2025-08-07
Basic,97,Late,135,23,2,2,2,-72,1,2025-06-13
Basic,89,Late,199,41,2,2,2,-68,1,2025-04-10
Basic,28,Late,57,20,3,0,6,-38,1,2025-08-30
Free,97,On-time,128,51,2,0,3,-57,1,2025-06-20
Free,3,On-time,165,34,1,1,3,-75,1,2025-05-14
Free,48,Late,246,21,1,2,8,-30,0,2025-02-22
Basic,99,On-time,208,40,4,2,3,-50,1,2025-04-01
Basic,88,Late,38,20,1,2,7,-89,1,2025-09-18
Free,17,Late,226,25,2,2,5,-22,1,2025-03-14
Free,27,On-time,306,26,3,1,8,-30,1,2024-12-24
Basic,20,On-time,347,21,2,0,7,-65,0,2024-11-13
Free,72,Late,272,39,3,1,3,-29,1,2025-01-27
Free,77,Late,57,48,1,2,6,-53,1,2025-08-30
Free,70,Late,339,26,3,0,2,-31,1,2024-11-21
Basic,25,Late,306,23,3,1,3,-77,0,2024-12-24
Basic,73,Late,56,53,0,0,5,-42,1,2025-08-31
Basic,25,Late,168,55,1,1,9,-35,1,2025-05-11
Basic,59,Late,331,35,0,2,4,-73,0,2024-11-29
Basic,85,On-time,212,41,2,1,8,-27,1,2025-03-28
Free,37,Late,339,57,4,2,3,-26,1,2024-11-21
Free,85,Late,258,32,1,1,4,-64,1,2025-02-10
Basic,62,Late,137,37,2,2,4,-61,1,2025-06-11
Basic,98,Late,219,23,0,1,6,-2,1,2025-03-21
Free,14,On-time,210,30,0,1,5,-85,1,2025-03-30
Free,64,Late,354,44,0,1,8,-36,1,2024-11-06
Free,1,Late,34,18,0,0,9,-52,1,2025-09-22
Free,98,Late,226,54,1,1,9,-84,1,2025-03-14
Basic,65,On-time,312,23,2,2,4,-31,0,2024-12-18
Basic,4,On-time,77,48,2,1,9,-12,0,2025-08-10
Basic,43,Late,298,35,1,1,7,-82,1,2025-01-01
Basic,26,Late,82,23,2,1,3,-60,1,2025-08-05
Free,27,Late,166,48,0,1,9,-30,1,2025-05-13
Basic,55,On-time,177,43,1,0,7,-88,1,2025-05-02
Free,72,Late,158,21,4,0,5,-66,1,2025-05-21
Basic,54,Late,126,26,3,1,6,-22,1,2025-06-22
Basic,47,On-time,155,59,4,0,2,-19,0,2025-05-24
Free,85,On-time,48,52,2,2,3,-16,1,2025-09-08
Basic,14,Late,42,43,1,0,2,-50,1,2025-09-14
Free,54,Late,135,23,4,2,4,-63,1,2025-06-13
Free,66,On-time,200,34,4,0,2,-78,0,2025-04-09
Basic,70,Late,98,23,1,1,6,-24,1,2025-07-20
Free,77,Late,33,16,1,0,4,-19,1,2025-09-23
Basic,28,Late,144,30,0,1,2,-56,0,2025-06-04
Free,71,Late,323,59,3,1,7,-82,1,2024-12-07
Basic,99,Late,194,51,4,2,8,-79,1,2025-04-15
Basic,81,Late,49,15,2,1,3,-58,1,2025-09-07
Basic,47,On-time,327,58,0,1,6,-17,1,2024-12-03
Basic,57,On-time,283,43,4,0,3,-71,1,2025-01-16
Free,34,Late,93,21,4,2,2,-22,1,2025-07-25
Free,62,Late,161,45,2,2,6,-60,1,2025-05-18
Basic,89,On-time,237,45,0,2,5,-97,0,2025-03-03
Free,70,Late,135,55,3,0,8,-33,0,2025-06-13
Basic,8,Late,280,52,4,1,5,-90,1,2025-01-19
Basic,34,Late,351,24,1,1,9,-29,1,2024-11-09
Basic,42,Late,130,49,4,1,4,-12,1,2025-06-18
Basic,71,Late,363,59,1,1,9,-27,1,2024-10-28
Basic,26,Late,215,23,2,0,6,-26,1,2025-03-25
Basic,89,On-time,316,59,2,2,8,-15,1,2024-12-14
Basic,85,On-time,240,18,0,1,9,-9,1,2025-02-28
Free,45,Late,307,50,2,2,7,-33,1,2024-12-23
Free,94,Late,261,37,2,0,8,-26,1,2025-02-07
Free,60,On-time,42,51,4,1,3,-82,1,2025-09-14
Free,87,Late,273,23,1,0,4,-18,1,2025-01-26
Free,26,Late,81,35,2,0,4,-90,1,2025-08-06
Basic,37,Late,325,49,0,1,7,-91,1,2024-12-05
Basic,74,Late,137,35,1,0,4,-62,0,2025-06-11
Basic,27,Late,277,54,0,0,7,-83,0,2025-01-22
Basic,47,On-time,285,56,1,0,6,-33,1,2025-01-14
Basic,11,Late,184,15,3,0,5,-100,1,2025-04-25
Basic,48,Late,364,23,3,0,9,-9,1,2024-10-27
Basic,13,On-time,149,46,3,1,3,-67,1,2025-05-30
Basic,1,Late,263,43,1,2,3,-59,1,2025-02-05
Free,96,Late,299,50,1,0,7,-12,1,2024-12-31
Basic,83,Late,360,39,0,2,2,-48,1,2024-10-31
Basic,82,On-time,358,24,1,1,3,-69,1,2024-11-02
Basic,68,Late,290,38,3,2,5,-58,1,2025-01-09
Free,99,Late,96,59,2,0,9,-10,1,2025-07-22
Basic,23,Late,310,49,2,2,5,-67,1,2024-12-20
Free,60,Late,32,18,0,0,8,-25,1,2025-09-24
Basic,15,Late,210,54,1,0,2,-33,1,2025-03-30
Free,59,Late,264,35,3,2,6,-5,0,2025-02-04
Free,90,On-time,123,53,0,1,8,-85,1,2025-06-25
Basic,35,Late,53,30,0,1,5,-90,1,2025-09-03
Basic,5,Late,345,28,4,1,4,-87,1,2024-11-15
Basic,95,On-time,187,49,0,1,5,-12,1,2025-04-22
Basic,70,Late,136,28,1,2,8,-59,1,2025-06-12
Basic,82,Late,280,55,2,0,9,-44,1,2025-01-19
Basic,80,Late,345,55,1,1,2,-82,1,2024-11-15
Basic,74,Late,246,21,1,1,9,-60,1,2025-02-22
Basic,25,On-time,128,37,1,0,7,-63,1,2025-06-20
Free,53,On-time,83,52,0,0,2,-87,1,2025-08-04
Basic,82,Late,157,37,4,1,4,-85,1,2025-05-22
Basic,87,On-time,298,26,0,1,4,-27,1,2025-01-01
Basic,83,Late,229,30,2,0,5,-14,1,2025-03-11
Free,94,Late,296,25,3,0,3,-85,1,2025-01-03
Free,59,Late,305,56,4,1,6,-100,1,2024-12-25
Basic,35,Late,133,35,1,0,8,-45,1,2025-06-15
Basic,77,Late,306,57,1,0,9,-72,0,2024-12-24
Free,35,Late,94,29,0,1,5,-2,1,2025-07-24
Free,45,Late,342,42,0,0,2,-85,1,2024-11-18
Basic,67,On-time,214,24,4,2,9,-98,1,2025-03-26
Free,36,Late,351,45,0,2,2,-17,1,2024-11-09
Free,72,Late,274,52,1,0,9,-30,1,2025-01-25
Basic,50,On-time,174,34,1,0,6,-89,1,2025-05-05
Free,96,Late,283,28,4,2,3,-47,0,2025-01-16
Free,28,On-time,184,22,1,2,2,-88,1,2025-04-25
Free,24,Late,257,25,4,2,4,-40,1,2025-02-11
Basic,34,On-time,84,32,1,2,8,-56,1,2025-08-03
Basic,75,Late,229,50,3,2,5,-33,1,2025-03-11
Free,93,Late,185,56,2,0,6,-83,1,2025-04-24
Basic,6,Late,119,48,2,1,3,-60,1,2025-06-29
Basic,19,Late,175,25,0,1,5,-54,1,2025-05-04
Basic,56,Late,131,57,0,0,7,-80,0,2025-06-17
Basic,53,Late,282,53,1,0,2,-48,1,2025-01-17
Basic,54,Late,285,28,1,0,8,-66,1,2025-01-14
Basic,44,Late,82,37,1,0,8,-75,0,2025-08-05
Basic,20,Late,82,32,4,1,8,-37,1,2025-08-05
Free,72,Late,72,32,3,0,9,-20,1,2025-08-15
Free,0,Late,147,32,2,1,7,-66,1,2025-06-01
Basic,75,Late,178,54,4,0,8,-88,1,2025-05-01
Basic,57,On-time,136,38,2,0,5,-20,1,2025-06-12
Free,94,Late,113,34,4,0,5,-36,1,2025-07-05
Free,86,Late,119,23,4,1,6,-10,0,2025-06-29
Basic,11,Late,89,15,3,1,9,-83,1,2025-07-29
Free,25,Late,159,28,0,0,4,-38,1,2025-05-20
Free,76,Late,263,17,4,1,2,-54,1,2025-02-05
Basic,83,Late,339,31,0,1,9,-55,0,2024-11-21
Basic,47,On-time,56,28,2,0,6,-71,1,2025-08-31
Basic,72,Late,104,17,1,2,2,-18,0,2025-07-14
Basic,62,Late,96,42,4,0,9,-52,0,2025-07-22
Free,58,On-time,213,26,1,0,6,-46,1,2025-03-27
Basic,82,Late,122,26,1,0,9,-4,1,2025-06-26
Free,33,Late,75,38,3,2,2,-94,1,2025-08-12
Basic,7,Late,300,37,2,0,4,-25,1,2024-12-30
Free,22,On-time,112,19,2,1,5,-53,1,2025-07-06
Basic,45,On-time,65,22,4,1,9,-58,1,2025-08-22
Basic,30,Late,351,47,1,2,7,-22,1,2024-11-09
Basic,57,On-time,65,21,4,2,9,-53,1,2025-08-22
Basic,37,On-time,63,46,1,2,3,-15,1,2025-08-24
Free,53,Late,32,40,4,0,2,-31,1,2025-09-24
Basic,19,On-time,101,50,4,1,2,-63,1,2025-07-17
Basic,65,On-time,274,47,3,2,6,-14,1,2025-01-25
Free,9,Late,171,33,3,1,4,-65,1,2025-05-08
Basic,87,On-time,222,35,2,2,7,-77,1,2025-03-18
Free,82,On-time,270,50,3,0,9,-83,1,2025-01-29
Free,56,Late,309,41,2,1,4,-86,1,2024-12-21
Basic,84,Late,343,46,2,2,3,-70,1,2024-11-17
Free,83,Late,207,20,4,0,7,-17,1,2025-04-02
Basic,20,On-time,91,54,3,0,4,-68,1,2025-07-27
Free,1,Late,160,30,0,1,7,-53,0,2025-05-19
Free,25,Late,354,27,3,1,8,-61,0,2024-11-06
Free,69,Late,108,42,3,2,7,-65,1,2025-07-10
Free,97,Late,138,38,1,2,9,-13,1,2025-06-10
Basic,43,Late,197,46,1,2,2,-1,1,2025-04-12
Basic,45,On-time,104,57,1,2,7,-75,0,2025-07-14
Free,7,Late,196,58,0,1,4,-52,1,2025-04-13
Basic,7,Late,222,54,2,2,4,-35,0,2025-03-18
Free,37,Late,301,17,3,2,7,-60,1,2024-12-29
Free,96,On-time,190,26,2,1,6,-17,1,2025-04-19
Basic,9,Late,253,31,2,0,4,-2,1,2025-02-15
Basic,22,Late,292,16,0,1,5,-71,1,2025-01-07
Free,2,Late,137,21,2,2,6,-31,1,2025-06-11
Basic,60,Late,222,39,0,0,2,-85,1,2025-03-18
Basic,28,Late,38,20,0,1,8,-84,0,2025-09-18
Basic,82,Late,286,59,0,0,6,-76,0,2025-01-13
Basic,43,Late,67,15,2,1,8,-79,0,2025-08-20
Basic,57,Late,39,26,1,0,7,-30,1,2025-09-17
Free,43,On-time,205,54,0,0,3,-28,1,2025-04-04
Free,80,On-time,237,30,3,0,2,-32,1,2025-03-03
Basic,44,On-time,349,32,0,1,4,-85,1,2024-11-11
Basic,94,Late,294,31,3,2,7,-79,1,2025-01-05
Free,40,On-time,335,43,0,1,8,-49,1,2024-11-25
Basic,38,Late,218,53,4,1,3,-60,1,2025-03-22
Basic,4,Late,215,44,4,2,5,-56,1,2025-03-25
Basic,65,Late,169,31,1,0,4,-77,1,2025-05-10
Basic,21,On-time,244,54,3,1,3,-68,1,2025-02-24
Basic,88,Late,70,30,3,0,2,-73,0,2025-08-17
Basic,96,Late,303,58,2,0,6,-84,1,2024-12-27
Basic,62,On-time,84,40,0,1,6,-97,1,2025-08-03
Basic,60,On-time,103,53,4,0,7,-77,1,2025-07-15
Free,86,Late,86,31,4,0,4,-17,0,2025-08-01
Basic,2,Late,158,39,1,2,7,-32,1,2025-05-21
Basic,46,Late,45,57,2,1,2,-46,1,2025-09-11
Free,2,Late,85,54,3,0,5,-78,0,2025-08-02
Basic,62,Late,202,58,1,2,2,-64,1,2025-04-07
Free,52,Late,51,38,4,1,2,-66,1,2025-09-05
Basic,71,Late,240,34,4,1,8,-69,1,2025-02-28
Basic,77,Late,258,45,2,0,7,-11,0,2025-02-10
Basic,78,Late,40,40,2,2,6,-63,1,2025-09-16
Basic,21,Late,43,42,0,2,3,-64,1,2025-09-13
Free,23,Late,272,56,2,2,5,-6,0,2025-01-27
Basic,91,On-time,361,36,4,0,7,-100,1,2024-10-30
Basic,90,Late,339,56,3,0,9,-69,1,2024-11-21
Free,48,Late,274,42,4,2,4,-50,1,2025-01-25
Basic,96,Late,182,46,3,1,3,-16,1,2025-04-27
Basic,32,On-time,306,27,1,0,8,-85,1,2024-12-24
Free,42,Late,166,52,1,0,6,-9,1,2025-05-13
Free,74,On-time,34,53,0,0,7,-19,1,2025-09-22
Free,72,On-time,42,24,2,1,2,-26,0,2025-09-14
Basic,42,Late,219,22,1,1,5,-42,1,2025-03-21
Basic,37,Late,55,17,1,0,4,-30,0,2025-09-01
Basic,78,Late,34,22,2,0,3,-84,0,2025-09-22
Basic,55,Late,360,39,1,0,8,-27,1,2024-10-31
Basic,34,Late,295,16,1,2,6,-33,1,2025-01-04
Basic,87,Late,211,19,4,0,5,-10,1,2025-03-29
Basic,72,Late,137,24,1,0,3,-44,1,2025-06-11
Basic,51,Late,107,40,1,2,9,-80,1,2025-07-11
Free,75,Late,102,59,1,1,3,-18,1,2025-07-16
Free,48,Late,306,32,4,2,6,-84,0,2024-12-24
Free,50,On-time,250,55,4,1,2,-15,1,2025-02-18
Free,57,Late,112,21,0,2,5,-98,1,2025-07-06
Free,64,Late,59,52,4,0,8,-20,1,2025-08-28
Basic,14,Late,197,30,0,1,4,-59,1,2025-04-12
Free,67,Late,110,33,3,1,2,-85,1,2025-07-08
Free,36,Late,254,32,0,0,2,-45,1,2025-02-14
Free,12,Late,201,41,4,0,4,-91,0,2025-04-08
Basic,77,Late,143,44,2,2,7,-61,0,2025-06-05
Free,57,Late,224,17,0,0,2,-50,1,2025-03-16
Free,21,Late,288,54,2,1,6,-81,0,2025-01-11
Basic,43,Late,221,36,4,1,4,-3,0,2025-03-19
Free,61,Late,98,45,0,0,2,-52,1,2025-07-20
Free,19,Late,200,25,3,2,4,-33,0,2025-04-09
Free,12,Late,34,18,4,2,2,-62,0,2025-09-22
Basic,8,Late,217,23,2,2,4,-26,1,2025-03-23
Free,58,Late,220,49,1,2,4,-7,1,2025-03-20
Basic,95,On-time,108,22,3,2,9,-63,1,2025-07-10
Free,18,Late,214,41,4,2,3,-6,1,2025-03-26
Free,51,Late,282,54,2,2,6,-7,1,2025-01-17
Basic,1,Late,80,32,0,2,8,-32,0,2025-08-07
Basic,78,Late,244,23,0,2,3,-77,1,2025-02-24
Basic,81,On-time,250,52,1,2,7,-41,1,2025-02-18
Free,34,Late,245,19,2,1,6,-43,1,2025-02-23
Basic,11,Late,173,41,3,1,7,-5,1,2025-05-06
Basic,17,Late,322,23,4,2,5,-36,1,2024-12-08
Free,34,Late,135,34,1,0,5,-53,1,2025-06-13
Basic,73,On-time,94,26,3,1,2,-59,1,2025-07-24
Free,12,On-time,314,43,4,1,5,-66,1,2024-12-16
Basic,66,Late,166,58,2,2,8,-77,1,2025-05-13
Free,68,Late,39,36,2,0,2,-23,1,2025-09-17
Basic,33,Late,268,54,3,1,8,-45,0,2025-01-31
Basic,7,Late,146,26,4,1,6,-82,1,2025-06-02
Basic,5,Late,288,28,0,1,5,-81,1,2025-01-11
Free,13,On-time,359,22,1,2,7,-64,0,2024-11-01
Basic,72,Late,312,42,0,0,5,-17,1,2024-12-18
Basic,14,On-time,242,45,4,1,9,-86,1,2025-02-26
Basic,1,On-time,95,21,3,2,9,-24,1,2025-07-23
Free,39,On-time,290,16,2,1,6,-35,1,2025-01-09
Basic,82,Late,133,21,4,2,5,-74,1,2025-06-15
Free,29,Late,323,37,0,0,4,-24,0,2024-12-07
Free,44,Late,261,28,0,2,4,-23,1,2025-02-07
Free,98,On-time,350,31,1,1,2,-37,1,2024-11-10
Free,34,Late,61,45,3,0,6,-58,0,2025-08-26
Basic,73,Late,71,47,2,2,3,-8,1,2025-08-16
Free,37,Late,41,24,1,1,9,-20,0,2025-09-15
Free,22,Late,269,46,1,0,7,-21,1,2025-01-30
Basic,18,On-time,249,26,2,1,9,-46,1,2025-02-19
Basic,89,On-time,217,31,2,2,5,-43,1,2025-03-23
Free,98,On-time,283,33,0,1,8,-15,0,2025-01-16
Basic,48,Late,119,24,4,2,8,-32,1,2025-06-29
Basic,77,Late,304,26,4,2,5,-39,0,2024-12-26
Free,75,Late,287,16,4,0,9,-70,0,2025-01-12
Free,26,Late,191,17,2,1,3,-5,1,2025-04-18
Basic,44,Late,81,22,3,2,2,-98,1,2025-08-06
Free,61,On-time,147,52,2,1,7,-54,1,2025-06-01
Free,50,Late,182,27,4,1,7,-13,0,2025-04-27
Free,98,On-time,156,27,3,0,4,-74,1,2025-05-23
Free,33,Late,324,21,4,2,6,-36,1,2024-12-06
Free,67,On-time,67,51,4,2,2,-1,1,2025-08-20
Free,76,Late,142,29,2,0,8,-16,1,2025-06-06
Basic,80,Late,318,28,1,2,9,-72,0,2024-12-12
Basic,74,On-time,82,19,2,0,6,-93,1,2025-08-05
Basic,50,Late,145,54,1,1,4,-50,1,2025-06-03
Basic,1,On-time,49,48,4,0,9,-63,0,2025-09-07
Free,35,On-time,88,56,2,1,4,-46,0,2025-07-30
Free,94,Late,107,27,2,1,9,-50,0,2025-07-11
Basic,75,On-time,66,37,3,0,7,-97,1,2025-08-21
Basic,7,Late,95,16,1,0,4,-5,0,2025-07-23
Basic,65,On-time,356,15,1,0,9,-4,1,2024-11-04
Basic,86,On-time,66,52,4,2,6,-79,1,2025-08-21
Basic,68,Late,350,31,3,1,8,-90,1,2024-11-10
Basic,98,Late,303,38,0,0,5,-11,1,2024-12-27
Basic,1,Late,42,57,3,2,3,-63,0,2025-09-14
Basic,52,Late,210,56,4,1,9,-20,0,2025-03-30
Basic,90,Late,262,16,4,0,9,-41,0,2025-02-06
Free,32,On-time,266,26,3,0,6,-65,1,2025-02-02
Free,17,Late,357,32,1,2,3,-70,1,2024-11-03
Free,86,Late,250,24,3,0,5,-36,0,2025-02-18
Free,52,Late,261,19,1,1,5,-89,1,2025-02-07
Basic,12,Late,336,17,1,0,9,-74,1,2024-11-24
Free,15,Late,219,36,0,0,3,-98,1,2025-03-21
Basic,80,Late,171,26,4,2,9,-3,1,2025-05-08
Free,43,Late,38,51,1,2,7,-43,0,2025-09-18
Basic,50,Late,298,24,4,0,8,-95,0,2025-01-01
Basic,92,On-time,317,44,2,0,7,-63,1,2024-12-13
Basic,88,Late,129,27,0,1,6,-85,1,2025-06-19
Free,51,Late,68,37,0,2,9,-42,1,2025-08-19
Free,10,Late,148,28,3,1,9,-30,1,2025-05-31
Basic,18,Late,54,35,1,2,5,-77,1,2025-09-02
Basic,35,Late,206,57,3,2,9,-13,0,2025-04-03
Basic,36,Late,300,56,3,0,9,-39,1,2024-12-30
Basic,0,Late,201,59,3,0,8,-35,0,2025-04-08
Free,40,Late,211,41,0,1,3,-51,1,2025-03-29
Basic,66,Late,226,59,1,1,5,-21,0,2025-03-14
Basic,64,Late,72,39,1,1,6,-71,0,2025-08-15
Free,49,On-time,230,43,0,2,7,-31,1,2025-03-10
Basic,77,Late,246,52,2,1,2,-37,1,2025-02-22
Basic,4,On-time,231,26,4,2,7,-9,0,2025-03-09
Basic,79,Late,58,59,4,0,2,-78,1,2025-08-29
Basic,32,Late,37,21,0,1,3,-77,1,2025-09-19
Basic,96,Late,253,46,1,1,9,-51,1,2025-02-15
Basic,30,Late,89,27,2,2,6,-1,1,2025-07-29
Basic,44,Late,333,43,1,0,8,-15,1,2024-11-27
Basic,50,Late,317,48,0,1,8,-93,1,2024-12-13
Basic,30,Late,155,36,3,1,9,-32,0,2025-05-24
Basic,22,On-time,352,52,2,2,5,-40,1,2024-11-08
Basic,4,On-time,173,24,1,0,7,-67,1,2025-05-06
Free,84,Late,190,46,2,0,9,-85,1,2025-04-19
Basic,11,Late,357,30,2,1,3,-3,1,2024-11-03
Free,80,On-time,109,25,1,0,3,-98,0,2025-07-09
Basic,8,Late,247,59,0,1,8,-8,1,2025-02-21
Basic,56,On-time,286,39,1,2,9,-86,1,2025-01-13
Free,26,On-time,178,18,4,1,7,-14,1,2025-05-01
Basic,35,On-time,318,18,2,0,8,-30,0,2024-12-12
Free,18,Late,172,33,2,2,3,-66,0,2025-05-07
Free,72,Late,310,52,0,1,2,-89,1,2024-12-20
Basic,33,On-time,313,58,2,0,4,-99,0,2024-12-17
Free,3,Late,149,22,1,2,9,-92,1,2025-05-30
Basic,68,Late,175,25,4,1,7,-85,1,2025-05-04
Basic,12,On-time,165,16,3,1,8,-24,1,2025-05-14
Basic,53,Late,124,39,0,2,2,-3,1,2025-06-24
Basic,13,Late,113,35,2,0,7,-34,1,2025-07-05
Basic,59,Late,243,48,1,0,3,-59,1,2025-02-25
Free,95,On-time,260,46,2,0,6,-3,1,2025-02-08
Free,12,Late,161,24,1,2,5,-72,1,2025-05-18
Basic,83,Late,65,27,2,2,6,-5,1,2025-08-22
Basic,95,Late,277,52,0,0,9,-82,1,2025-01-22
Basic,8,Late,139,56,3,2,6,-5,1,2025-06-09
Basic,4,On-time,145,21,1,1,6,-20,1,2025-06-03
Basic,44,Late,286,18,4,2,4,-24,1,2025-01-13
Basic,23,On-time,183,24,2,1,2,-15,0,2025-04-26
Free,51,Late,149,39,3,2,6,-87,1,2025-05-30
Basic,7,On-time,190,29,2,0,2,-38,1,2025-04-19
Basic,75,Late,73,43,4,2,5,-56,1,2025-08-14
Basic,57,Late,178,15,1,1,2,-72,1,2025-05-01
Free,33,Late,85,54,2,1,3,-15,1,2025-08-02
Basic,93,Late,285,50,0,0,9,-71,1,2025-01-14
Basic,58,On-time,156,39,0,2,4,-30,1,2025-05-23
Basic,20,On-time,268,19,4,0,3,-70,1,2025-01-31
Basic,18,Late,81,53,4,1,8,-5,1,2025-08-06
Basic,94,Late,202,40,1,2,6,-4,1,2025-04-07
Basic,36,On-time,131,16,3,2,3,-20,1,2025-06-17
Free,90,On-time,112,23,4,1,5,-94,1,2025-07-06
Free,79,Late,325,59,4,1,7,-27,1,2024-12-05
Basic,85,On-time,90,57,1,1,6,-88,0,2025-07-28
Basic,53,On-time,141,30,3,0,6,-88,1,2025-06-07
Free,71,Late,217,28,2,2,4,-18,0,2025-03-23
Basic,3,On-time,56,34,4,1,7,-7,1,2025-08-31
Basic,45,Late,96,49,2,1,4,-77,1,2025-07-22
Basic,8,On-time,313,46,4,0,4,-67,1,2024-12-17
Free,80,On-time,142,16,0,1,8,-40,1,2025-06-06
Basic,52,On-time,71,27,2,2,5,-51,1,2025-08-16
Free,9,On-time,165,55,1,0,2,-13,1,2025-05-14
Free,14,Late,291,36,3,2,5,-37,1,2025-01-08
Basic,34,Late,220,57,1,0,4,-92,1,2025-03-20
Basic,16,On-time,52,50,4,0,8,-100,0,2025-09-04
Basic,18,Late,251,16,1,2,8,-100,0,2025-02-17
Basic,97,On-time,233,19,1,0,6,-34,0,2025-03-07
Basic,63,On-time,342,37,0,1,9,-69,0,2024-11-18
Free,10,Late,194,15,2,1,2,-61,1,2025-04-15
Basic,88,Late,336,30,2,1,2,-15,1,2024-11-24
Basic,14,Late,362,43,4,1,7,-1,1,2024-10-29
Basic,53,On-time,118,17,1,0,8,-73,1,2025-06-30
Basic,24,Late,323,31,2,1,4,-14,0,2024-12-07
Basic,22,Late,44,33,3,0,6,-43,1,2025-09-12
Free,47,Late,171,50,0,1,7,-74,1,2025-05-08
Free,62,Late,309,58,4,1,8,-18,0,2024-12-21
Basic,37,Late,159,18,1,2,4,-52,1,2025-05-20
Free,71,Late,81,24,1,2,2,-57,1,2025-08-06
Free,80,Late,209,46,2,2,9,-42,1,2025-03-31
Basic,22,Late,125,57,1,0,8,-37,1,2025-06-23
Free,71,Late,362,40,1,1,2,-8,1,2024-10-29
Free,63,On-time,263,19,1,1,7,-82,1,2025-02-05
Basic,7,Late,152,18,4,1,5,-54,0,2025-05-27
Free,3,Late,155,33,4,2,5,-89,1,2025-05-24
Free,98,Late,85,19,4,0,5,-58,0,2025-08-02
Basic,29,Late,310,16,3,1,6,-91,1,2024-12-20
Free,90,Late,299,15,4,1,9,-17,1,2024-12-31
Basic,17,Late,195,37,3,0,6,-67,1,2025-04-14
Basic,69,Late,336,34,3,0,4,-66,1,2024-11-24
Basic,4,Late,171,17,0,1,3,-59,0,2025-05-08
Basic,20,Late,302,45,3,2,2,-67,1,2024-12-28
Basic,44,On-time,124,53,2,1,5,-29,1,2025-06-24
Basic,16,Late,85,34,0,0,6,-24,1,2025-08-02
Basic,83,Late,218,37,3,1,4,-3,1,2025-03-22
Basic,20,Late,124,41,0,1,5,-48,1,2025-06-24
Free,53,On-time,241,30,1,0,5,-98,1,2025-02-27
Basic,63,On-time,288,37,3,1,3,-93,1,2025-01-11
Free,5,Late,59,55,4,0,2,-3,1,2025-08-28
Basic,94,Late,178,52,0,2,5,-8,1,2025-05-01
Basic,30,On-time,319,54,4,2,6,-93,1,2024-12-11
Basic,44,On-time,193,31,0,1,3,-37,1,2025-04-16
Basic,99,On-time,66,17,0,2,5,-36,0,2025-08-21
Free,64,Late,43,20,2,1,7,-16,1,2025-09-13
Free,55,Late,75,19,4,1,6,-25,1,2025-08-12
Basic,4,On-time,323,55,3,0,3,-61,1,2024-12-07
Basic,23,Late,292,20,3,2,4,-91,1,2025-01-07
Free,46,On-time,293,47,3,1,9,-98,1,2025-01-06
Basic,2,Late,238,52,3,1,9,-50,1,2025-03-02
Basic,82,Late,153,58,3,1,2,-17,1,2025-05-26
Basic,78,Late,280,36,0,1,3,-37,1,2025-01-19
Basic,22,On-time,105,44,3,1,5,-40,0,2025-07-13
Free,34,On-time,360,34,1,0,4,-52,0,2024-10-31
Basic,89,Late,359,43,3,1,4,-66,1,2024-11-01
Free,40,Late,67,58,0,1,9,-61,1,2025-08-20
Free,55,On-time,308,31,1,1,2,-75,1,2024-12-22
Free,12,Late,287,40,0,1,5,-9,1,2025-01-12
Basic,97,Late,324,55,2,0,3,-78,0,2024-12-06
Free,44,Late,357,57,3,0,3,-33,1,2024-11-03
Basic,92,On-time,326,40,4,2,2,-8,1,2024-12-04
Free,4,Late,291,16,4,2,4,-45,1,2025-01-08
Basic,19,On-time,312,21,1,0,7,-38,1,2024-12-18
Basic,5,Late,90,30,4,1,5,-4,1,2025-07-28
Basic,2,Late,240,46,3,1,3,-32,1,2025-02-28
Free,22,Late,65,45,3,2,8,-17,1,2025-08-22
Free,99,On-time,35,33,1,1,3,-31,1,2025-09-21
Basic,49,Late,128,44,1,2,7,-18,1,2025-06-20
Free,24,Late,138,31,0,2,7,-32,0,2025-06-10
Basic,11,Late,145,31,4,0,4,-80,1,2025-06-03
Free,70,Late,325,28,2,1,5,-31,1,2024-12-05
Basic,82,On-time,97,54,3,0,2,-44,1,2025-07-21
Free,13,Late,347,17,4,2,8,-58,1,2024-11-13
Basic,98,On-time,77,47,1,0,9,-84,0,2025-08-10
Basic,45,On-time,235,15,2,0,7,-13,0,2025-03-05
Basic,14,On-time,161,27,2,1,9,-26,1,2025-05-18
Basic,83,Late,74,29,2,0,5,-70,1,2025-08-13
Free,40,Late,69,52,3,0,2,-59,1,2025-08-18
Basic,7,Late,51,26,1,0,5,-68,1,2025-09-05
Basic,8,On-time,339,15,4,1,2,-53,1,2024-11-21
Free,24,On-time,160,31,2,1,3,-55,1,2025-05-19
Basic,58,Late,139,35,3,2,3,-9,0,2025-06-09
Free,20,Late,62,50,1,2,9,-45,1,2025-08-25
Basic,50,On-time,253,37,4,1,3,-77,0,2025-02-15
Basic,96,On-time,314,43,1,1,8,-81,1,2024-12-16
Free,97,Late,267,29,3,1,3,-84,0,2025-02-01
Basic,73,Late,287,44,2,2,3,-48,1,2025-01-12
Free,13,On-time,279,35,1,2,3,-64,1,2025-01-20
Basic,76,Late,259,52,1,0,9,-39,1,2025-02-09
Free,54,On-time,277,38,0,2,7,-99,0,2025-01-22
Basic,69,Late,274,17,4,0,4,-64,1,2025-01-25
Basic,1,Late,30,30,3,0,6,-74,1,2025-09-26
Free,4,Late,325,27,0,1,2,-60,1,2024-12-05
Basic,30,Late,273,38,1,1,7,-64,1,2025-01-26
Basic,34,Late,199,37,3,2,2,-99,1,2025-04-10
Basic,23,Late,208,55,3,1,3,-23,1,2025-04-01
Basic,45,Late,103,42,1,1,5,-55,1,2025-07-15
Free,61,Late,324,57,3,0,9,-55,1,2024-12-06
Free,41,Late,54,33,1,1,5,-87,1,2025-09-02
Free,93,On-time,234,39,1,2,3,-88,1,2025-03-06
Basic,33,Late,351,40,1,0,3,-18,1,2024-11-09
Basic,64,On-time,354,23,1,1,2,-83,1,2024-11-06
Basic,79,On-time,363,38,4,1,5,-23,0,2024-10-28
Free,67,Late,274,52,1,0,9,-10,0,2025-01-25
Basic,50,Late,283,37,2,2,5,-59,1,2025-01-16
Basic,44,Late,188,39,4,1,9,-42,1,2025-04-21
Free,69,Late,240,50,1,1,3,-99,1,2025-02-28
Basic,90,Late,236,39,1,0,6,-66,1,2025-03-04
Basic,14,Late,199,28,3,2,9,-61,0,2025-04-10
Basic,42,Late,75,22,4,1,4,-44,1,2025-08-12
Basic,54,Late,114,18,1,0,8,-67,1,2025-07-04
Free,44,On-time,111,55,0,2,8,-82,1,2025-07-07
Free,40,Late,359,34,1,0,5,-43,1,2024-11-01
Free,51,Late,324,47,3,1,8,-20,1,2024-12-06
Free,96,Late,301,58,2,1,8,-71,1,2024-12-29
Basic,71,Late,82,39,0,1,3,-94,0,2025-08-05
Basic,9,Late,108,30,2,1,9,-63,1,2025-07-10
Free,24,Late,90,49,0,0,5,-30,1,2025-07-28
Basic,86,Late,139,22,4,0,9,-78,1,2025-06-09
Basic,90,On-time,206,19,0,0,2,-70,1,2025-04-03
Basic,55,Late,255,48,4,2,2,-66,1,2025-02-13
Free,10,Late,61,40,4,2,5,-89,1,2025-08-26
Free,74,Late,339,24,0,0,9,-88,1,2024-11-21
Basic,51,On-time,255,20,1,0,6,-71,1,2025-02-13
Free,19,On-time,64,53,2,2,5,-8,1,2025-08-23
Basic,65,On-time,302,29,1,0,9,-79,1,2024-12-28
Basic,27,Late,274,48,1,2,7,-88,1,2025-01-25
Basic,91,Late,247,16,1,2,6,-89,1,2025-02-21
Basic,15,Late,200,59,4,2,6,-71,1,2025-04-09
Free,86,Late,297,47,0,2,4,-45,1,2025-01-02
Basic,61,Late,202,19,2,0,4,-87,1,2025-04-07
Basic,57,Late,216,53,4,1,4,-84,1,2025-03-24
Free,58,Late,281,28,4,1,4,-98,1,2025-01-18
Basic,61,On-time,49,42,1,2,3,-79,0,2025-09-07
Basic,60,Late,234,25,4,1,3,-71,1,2025-03-06
Free,11,Late,118,30,3,2,5,-2,1,2025-06-30
Free,38,Late,86,16,0,2,8,-24,1,2025-08-01
Basic,30,Late,216,55,2,1,3,-13,1,2025-03-24
Basic,23,Late,361,50,3,2,6,-91,1,2024-10-30
Free,16,Late,355,29,4,0,7,-94,1,2024-11-05
Basic,82,Late,179,27,4,2,2,-67,1,2025-04-30
Basic,67,On-time,103,36,0,1,6,-54,0,2025-07-15
Free,75,Late,76,37,2,1,7,-19,0,2025-08-11
Basic,75,Late,202,24,1,2,8,-51,1,2025-04-07
Free,27,Late,252,22,4,2,5,-90,1,2025-02-16
Basic,84,On-time,281,47,1,1,7,-38,1,2025-01-18
Free,25,Late,295,37,0,0,5,-76,1,2025-01-04
Basic,4,Late,184,54,0,2,4,-7,1,2025-04-25
Basic,95,Late,141,19,1,1,2,-59,1,2025-06-07
Free,91,Late,149,29,1,1,2,-39,1,2025-05-30
Basic,51,Late,157,22,2,1,8,-73,1,2025-05-22
Basic,55,Late,67,18,4,0,9,-86,1,2025-08-20
Basic,23,On-time,335,28,1,1,4,-49,1,2024-11-25
Basic,79,Late,357,48,2,2,8,-98,1,2024-11-03
Basic,65,On-time,352,53,1,2,7,-17,1,2024-11-08
Basic,57,Late,245,41,1,1,2,-81,1,2025-02-23
Basic,9,On-time,82,44,0,2,6,-46,1,2025-08-05
Free,67,On-time,328,15,1,2,9,-13,1,2024-12-02
Basic,45,Late,287,29,2,1,9,-92,0,2025-01-12
Free,73,Late,47,41,0,1,2,-57,0,2025-09-09
Basic,56,Late,200,26,3,2,7,-83,1,2025-04-09
Basic,47,Late,305,24,0,1,8,-17,1,2024-12-25
Basic,73,Late,87,31,4,0,8,-69,1,2025-07-31
Basic,45,Late,239,56,0,2,8,-86,1,2025-03-01
Basic,43,Late,142,16,2,2,5,-67,1,2025-06-06
Basic,38,Late,51,51,1,2,4,-25,1,2025-09-05
Basic,60,Late,349,57,1,0,6,-93,0,2024-11-11
Basic,6,On-time,295,16,4,1,9,-20,1,2025-01-04
Basic,8,On-time,316,45,2,2,2,-8,1,2024-12-14
Basic,98,Late,100,52,2,2,5,-24,1,2025-07-18
Basic,36,Late,247,32,3,1,4,-79,1,2025-02-21
Free,51,Late,174,21,1,0,9,-28,1,2025-05-05
Free,74,On-time,254,38,2,1,9,-26,1,2025-02-14
Basic,23,On-time,62,55,4,2,9,-27,1,2025-08-25
Basic,16,Late,63,27,1,1,5,-26,1,2025-08-24
Basic,35,Late,37,38,1,0,9,-75,1,2025-09-19
Free,34,Late,167,52,3,2,2,-83,0,2025-05-12
Basic,20,Late,304,47,2,0,7,-33,1,2024-12-26
Free,12,Late,119,15,4,2,2,-25,0,2025-06-29
Basic,51,Late,35,29,1,1,9,-63,1,2025-09-21
Free,61,Late,238,32,0,1,3,-66,1,2025-03-02
Basic,16,Late,108,28,1,0,6,-17,1,2025-07-10
Free,1,Late,196,20,4,2,9,-14,0,2025-04-13
Free,31,Late,101,42,3,1,5,-59,1,2025-07-17
Basic,14,On-time,191,39,1,2,5,-75,1,2025-04-18
Free,60,Late,339,29,2,0,2,-61,1,2024-11-21
Basic,20,Late,220,32,2,2,4,-47,0,2025-03-20
Basic,2,Late,97,23,2,0,8,-18,1,2025-07-21
Basic,12,Late,336,53,4,2,6,-38,1,2024-11-24
Free,54,On-time,51,55,0,0,4,-35,1,2025-09-05
Free,88,On-time,217,48,4,0,6,-9,0,2025-03-23
Basic,96,On-time,277,58,4,2,7,-53,1,2025-01-22
Free,10,On-time,70,27,3,2,9,-89,1,2025-08-17
Free,39,Late,56,32,0,2,3,-62,1,2025-08-31
Basic,65,Late,265,56,1,0,2,-26,1,2025-02-03
Basic,36,On-time,315,44,1,2,3,-70,1,2024-12-15
Basic,76,On-time,31,24,0,1,6,-91,1,2025-09-25
Basic,35,Late,36,25,3,0,6,-63,0,2025-09-20
Basic,77,Late,323,20,4,0,7,-94,1,2024-12-07
Basic,6,Late,49,15,2,1,2,-40,1,2025-09-07
Free,30,Late,223,47,1,0,2,-83,1,2025-03-17
Basic,93,On-time,295,58,3,2,9,-88,0,2025-01-04
Free,92,Late,331,41,0,0,7,-26,1,2024-11-29
Free,27,Late,243,33,1,0,9,-57,1,2025-02-25
Basic,75,Late,273,57,2,1,6,-63,1,2025-01-26
Free,67,Late,229,30,3,2,3,-72,1,2025-03-11
Free,14,Late,331,47,0,2,6,-54,1,2024-11-29
Basic,6,Late,325,37,3,1,4,-96,1,2024-12-05
Basic,10,On-time,114,19,4,1,2,-10,1,2025-07-04
Free,65,Late,274,35,2,1,6,-85,1,2025-01-25
Free,39,Late,218,16,1,2,2,-39,1,2025-03-22
Basic,33,Late,147,21,0,1,9,-93,1,2025-06-01
Free,28,On-time,351,56,3,2,2,-81,1,2024-11-09
Free,36,Late,203,47,1,0,5,-71,1,2025-04-06
Basic,7,On-time,141,16,1,0,7,-48,1,2025-06-07
Free,71,Late,110,30,3,0,7,-59,1,2025-07-08
Free,91,Late,198,26,1,1,3,-60,0,2025-04-11
Basic,68,On-time,268,20,4,0,2,-11,1,2025-01-31
Basic,34,Late,311,50,4,0,9,-62,1,2024-12-19
Free,20,Late,46,46,1,0,8,-1,1,2025-09-10
Basic,48,On-time,213,21,3,2,4,-15,1,2025-03-27
Basic,10,Late,128,15,1,0,7,-72,1,2025-06-20
Free,67,On-time,154,25,2,1,7,-76,1,2025-05-25
Free,29,Late,44,32,0,1,4,-21,1,2025-09-12
Free,94,Late,61,42,0,0,8,-66,1,2025-08-26
Basic,50,Late,272,54,1,0,9,-37,1,2025-01-27
Basic,89,Late,31,17,4,2,5,-10,0,2025-09-25
Free,10,Late,150,17,4,0,4,-70,1,2025-05-29
Basic,75,Late,362,59,1,2,3,-51,1,2024-10-29
Basic,14,Late,292,34,1,1,5,-87,1,2025-01-07
Free,88,Late,49,53,1,2,6,-11,0,2025-09-07
Free,99,Late,196,28,1,2,6,-37,1,2025-04-13
Free,80,Late,111,37,0,1,2,-55,1,2025-07-07
Basic,87,Late,255,38,3,1,6,-89,1,2025-02-13
Basic,95,Late,72,47,2,1,2,-32,1,2025-08-15
Free,55,Late,185,32,0,1,6,-96,1,2025-04-24
Basic,15,Late,294,41,2,1,7,-11,1,2025-01-05
Basic,30,Late,42,16,2,2,6,-41,1,2025-09-14
Free,21,Late,310,21,1,0,2,-80,1,2024-12-20
Free,29,Late,165,56,1,1,6,-17,1,2025-05-14
Free,22,Late,342,31,3,1,8,-59,1,2024-11-18
Basic,32,Late,272,45,1,2,3,-69,0,2025-01-27
Free,50,On-time,324,52,0,0,6,-33,1,2024-12-06
Free,96,Late,162,54,3,0,6,-10,1,2025-05-17
Basic,53,Late,150,24,3,0,2,-43,1,2025-05-29
Basic,32,Late,254,15,4,1,3,-98,1,2025-02-14
Free,18,On-time,83,44,0,0,7,-75,1,2025-08-04
Free,45,On-time,165,56,1,2,5,-69,0,2025-05-14
Basic,37,Late,57,43,1,0,5,-43,1,2025-08-30
Basic,52,On-time,266,19,4,2,2,-15,1,2025-02-02
Free,11,Late,292,58,0,2,5,-93,1,2025-01-07
Basic,45,Late,252,49,2,1,5,-100,0,2025-02-16
Basic,17,Late,316,26,3,2,3,-53,0,2024-12-14
Basic,10,Late,247,46,0,1,2,-33,0,2025-02-21
Basic,12,Late,295,47,4,2,4,-49,1,2025-01-04
Free,34,Late,214,21,0,2,5,-69,1,2025-03-26
Free,84,Late,43,53,1,1,8,-23,1,2025-09-13
Free,55,Late,160,21,2,1,3,-43,1,2025-05-19
Free,99,Late,191,26,4,0,6,-35,1,2025-04-18
Free,6,Late,136,55,0,2,4,-3,0,2025-06-12
Free,1,Late,153,47,0,2,2,-39,0,2025-05-26
Basic,29,Late,345,25,0,2,5,-42,0,2024-11-15
Free,48,Late,85,33,2,2,6,-38,1,2025-08-02
Basic,21,On-time,73,41,1,2,5,-13,1,2025-08-14
Free,29,Late,191,28,4,1,4,-33,1,2025-04-18
Basic,0,Late,288,31,1,1,4,-47,0,2025-01-11
Free,43,On-time,70,34,0,0,3,-57,0,2025-08-17
Basic,46,Late,289,50,1,1,9,-8,1,2025-01-10
Free,92,Late,230,37,0,2,4,-7,1,2025-03-10
Free,85,On-time,131,43,4,1,6,-81,1,2025-06-17
Basic,1,On-time,303,49,3,1,2,-55,1,2024-12-27
Free,67,Late,277,40,4,1,9,-28,0,2025-01-22
Basic,54,Late,195,23,4,1,7,-39,1,2025-04-14
Basic,64,Late,248,40,1,1,3,-19,1,2025-02-20
Basic,38,On-time,209,15,2,0,6,-27,1,2025-03-31
Basic,16,On-time,326,54,4,1,9,-54,1,2024-12-04
Free,49,Late,141,57,3,2,8,-57,1,2025-06-07
Basic,74,Late,320,23,4,1,5,-21,1,2024-12-10
Free,38,On-time,148,16,3,0,5,-50,0,2025-05-31
Basic,6,Late,249,16,1,1,5,-14,1,2025-02-19
Free,76,Late,337,45,3,2,7,-20,1,2024-11-23
Free,16,Late,299,53,0,1,6,-47,0,2024-12-31
Basic,41,Late,342,58,0,0,3,-99,1,2024-11-18
Free,54,On-time,167,48,2,1,8,-82,1,2025-05-12
Basic,87,On-time,264,52,3,1,2,-83,1,2025-02-04
Basic,9,On-time,295,25,2,0,3,-96,1,2025-01-04
Basic,19,Late,325,51,3,1,2,-95,1,2024-12-05
Free,63,On-time,135,55,1,1,7,-29,1,2025-06-13
Basic,7,Late,244,48,2,0,2,-51,1,2025-02-24
Free,3,Late,251,54,3,0,6,-58,1,2025-02-17
Free,26,On-time,195,15,3,2,3,-85,1,2025-04-14
Basic,97,On-time,145,55,2,0,6,-71,0,2025-06-03
Basic,50,On-time,151,26,3,0,9,-49,1,2025-05-28
Basic,38,On-time,39,47,4,0,4,-29,1,2025-09-17
Basic,35,Late,124,25,1,0,3,-41,0,2025-06-24
Free,7,Late,309,59,2,1,2,-83,1,2024-12-21
Basic,83,Late,299,20,2,0,8,-87,1,2024-12-31
Free,41,Late,39,33,3,1,6,-91,0,2025-09-17
Free,89,Late,233,47,2,0,9,-56,1,2025-03-07
Free,87,On-time,279,45,1,1,8,-74,1,2025-01-20
Basic,31,On-time,100,20,3,2,5,-38,1,2025-07-18
Free,25,Late,285,24,2,2,8,-83,1,2025-01-14
Basic,62,Late,270,37,1,2,2,-68,1,2025-01-29
Basic,65,Late,66,59,0,2,9,-12,1,2025-08-21
Free,24,On-time,265,35,1,2,8,-4,1,2025-02-03
Free,49,Late,61,42,2,2,5,-89,1,2025-08-26
Free,63,On-time,209,30,1,1,9,-28,1,2025-03-31
Free,95,Late,259,15,1,1,7,-5,0,2025-02-09
Basic,66,Late,64,58,2,0,5,-89,1,2025-08-23
Free,98,Late,257,47,4,2,3,-52,1,2025-02-11
Basic,21,Late,172,50,2,2,4,-80,1,2025-05-07
Free,89,Late,323,31,2,0,6,-6,1,2024-12-07
Free,18,On-time,224,46,3,1,2,-21,0,2025-03-16
Free,4,Late,90,43,1,1,5,-35,0,2025-07-28
Basic,95,Late,179,27,3,2,2,-32,0,2025-04-30
Basic,44,Late,93,49,4,1,9,-39,1,2025-07-25
Basic,42,Late,58,27,1,2,6,-35,1,2025-08-29
Free,93,Late,57,44,3,1,8,-31,1,2025-08-30
Basic,12,On-time,299,58,1,1,3,-40,1,2024-12-31
Basic,69,Late,296,26,1,1,2,-99,1,2025-01-03
Basic,0,On-time,172,57,0,0,5,-77,1,2025-05-07
Basic,1,Late,223,16,4,2,5,-1,1,2025-03-17
Basic,7,Late,33,20,1,1,2,-43,0,2025-09-23
Basic,94,On-time,105,21,3,1,2,-26,1,2025-07-13
Basic,53,Late,234,57,1,0,3,-88,0,2025-03-06
Free,83,Late,323,37,3,1,8,-89,1,2024-12-07
Basic,39,Late,341,41,3,0,9,-42,1,2024-11-19
Basic,65,Late,68,24,3,2,3,-59,1,2025-08-19
Free,47,On-time,264,44,1,0,3,-57,1,2025-02-04
Free,65,Late,302,34,0,0,7,-39,1,2024-12-28
Basic,82,Late,120,24,1,0,9,-74,1,2025-06-28
Basic,51,On-time,136,48,2,2,3,-7,0,2025-06-12
Basic,9,Late,38,55,0,0,2,-64,1,2025-09-18
Basic,95,Late,138,57,0,2,6,-61,1,2025-06-10
Free,56,Late,179,19,4,1,3,-85,1,2025-04-30
Basic,95,On-time,306,42,4,0,2,-67,1,2024-12-24
Free,74,Late,151,21,1,2,2,-93,0,2025-05-28
Free,22,Late,166,43,2,0,3,-6,1,2025-05-13
Free,57,Late,85,15,2,0,6,-31,1,2025-08-02
Free,99,Late,41,34,4,0,4,-48,1,2025-09-15
Free,5,On-time,155,33,0,0,9,-62,1,2025-05-24
Free,33,Late,300,28,4,0,9,-31,1,2024-12-30
Free,81,On-time,236,15,2,1,2,-2,0,2025-03-04
Free,30,On-time,62,39,0,0,5,-8,1,2025-08-25
Basic,0,Late,46,22,4,0,7,-23,1,2025-09-10
Basic,22,Late,316,30,3,1,7,-11,1,2024-12-14
Basic,97,Late,147,56,2,0,5,-67,0,2025-06-01
Basic,36,Late,248,21,2,2,8,-39,0,2025-02-20
Basic,2,Late,78,15,4,0,3,-40,1,2025-08-09
Free,61,Late,347,25,3,2,2,-100,1,2024-11-13
Basic,97,Late,163,49,2,0,6,-8,0,2025-05-16
Basic,35,Late,221,20,4,2,8,-72,1,2025-03-19
Free,21,Late,316,38,1,0,7,-67,1,2024-12-14
Basic,37,On-time,273,54,1,0,5,-52,1,2025-01-26
Basic,89,Late,358,31,0,1,3,-58,0,2024-11-02
Basic,30,On-time,189,24,1,0,3,-27,1,2025-04-20
Free,1,Late,86,56,4,1,2,-69,1,2025-08-01
Basic,38,On-time,217,34,1,0,9,-71,1,2025-03-23
Basic,60,On-time,283,33,4,2,4,-78,1,2025-01-16
Basic,24,Late,278,57,4,2,6,-6,1,2025-01-21
Basic,64,Late,63,22,2,1,9,-19,1,2025-08-24
Free,47,Late,60,19,3,2,5,-69,1,2025-08-27
Basic,98,On-time,355,49,3,1,6,-5,1,2024-11-05
Free,22,Late,159,39,1,0,5,-27,1,2025-05-20
Free,94,On-time,363,27,2,0,6,-12,1,2024-10-28
Free,17,Late,333,20,3,0,6,-66,1,2024-11-27
Basic,48,Late,358,55,3,1,2,-93,0,2024-11-02
Basic,7,On-time,47,38,4,1,7,-92,1,2025-09-09
Basic,73,Late,259,31,2,1,2,-45,1,2025-02-09
Free,94,On-time,81,19,2,0,9,-3,1,2025-08-06
Basic,3,Late,116,20,1,1,2,-2,0,2025-07-02
Free,48,Late,341,40,3,1,9,-100,1,2024-11-19
Basic,60,Late,309,42,1,0,6,-96,1,2024-12-21
Free,27,Late,362,57,0,2,8,-16,1,2024-10-29
Free,82,Late,33,49,4,1,6,-57,0,2025-09-23
Basic,43,On-time,353,21,0,1,9,-92,1,2024-11-07
Basic,70,Late,138,53,3,0,4,-18,1,2025-06-10
Basic,76,Late,350,18,4,2,7,-15,0,2024-11-10
Basic,64,Late,362,46,4,1,2,-59,1,2024-10-29
Basic,84,Late,37,59,2,2,3,-18,1,2025-09-19
Basic,96,Late,92,59,0,1,3,-46,1,2025-07-26
Basic,79,On-time,361,44,0,0,8,-81,0,2024-10-30
Free,64,Late,113,55,0,2,6,-76,1,2025-07-05
Basic,78,Late,329,19,0,2,2,-43,1,2024-12-01
Basic,47,Late,88,47,0,0,7,-16,1,2025-07-30
Basic,79,On-time,161,46,3,1,5,-81,1,2025-05-18
Free,98,On-time,167,52,1,2,2,-65,1,2025-05-12
Basic,7,Late,48,18,1,1,4,-15,0,2025-09-08
Basic,0,On-time,314,39,3,0,3,-74,0,2024-12-16
Free,39,Late,243,25,3,1,4,-76,1,2025-02-25
Free,37,Late,40,33,2,1,7,-58,1,2025-09-16
Basic,43,Late,263,47,2,2,3,-58,1,2025-02-05
Basic,95,Late,127,26,2,1,8,-77,1,2025-06-21
Basic,65,On-time,85,26,4,2,8,-95,1,2025-08-02
Free,58,Late,355,18,3,2,3,-8,0,2024-11-05
Free,56,On-time,170,51,4,0,9,-7,0,2025-05-09
Free,92,Late,129,39,0,1,6,-10,1,2025-06-19
Basic,20,On-time,361,16,2,2,6,-50,1,2024-10-30
Free,43,Late,321,26,2,0,4,-31,1,2024-12-09
Free,14,Late,130,53,0,1,7,-35,1,2025-06-18
Basic,70,Late,246,40,4,0,2,-7,1,2025-02-22
Basic,2,Late,69,32,2,0,5,-19,0,2025-08-18
Basic,3,On-time,178,31,3,1,9,-52,0,2025-05-01
Basic,14,Late,343,56,1,1,5,-21,1,2024-11-17
Basic,80,Late,362,43,3,0,8,-64,1,2024-10-29
Free,7,Late,241,20,2,1,5,-70,1,2025-02-27
Basic,47,On-time,280,57,4,1,6,-16,1,2025-01-19
Basic,35,On-time,89,35,0,1,8,-41,1,2025-07-29
Basic,82,Late,139,49,4,1,5,-81,1,2025-06-09
Free,56,On-time,92,42,0,1,6,-96,1,2025-07-26
Basic,37,On-time,272,22,1,1,7,-39,1,2025-01-27
Basic,56,On-time,33,20,2,2,5,-19,0,2025-09-23
Free,39,Late,266,36,0,1,6,-40,0,2025-02-02
Basic,56,Late,112,17,4,2,5,-69,0,2025-07-06
Free,61,Late,303,48,4,0,8,-39,1,2024-12-27
Basic,29,Late,346,48,0,1,7,-70,1,2024-11-14
Basic,14,On-time,218,59,0,1,9,-51,1,2025-03-22
Basic,11,Late,288,17,0,2,2,-68,1,2025-01-11
Free,97,Late,285,38,2,1,9,-58,1,2025-01-14
Basic,76,Late,172,19,0,2,5,-100,1,2025-05-07
Basic,46,On-time,48,19,0,0,7,-19,1,2025-09-08
Free,42,Late,116,39,0,2,4,-63,0,2025-07-02
Free,26,On-time,213,39,0,0,2,-30,1,2025-03-27
Free,13,Late,258,55,0,0,4,-73,1,2025-02-10
Basic,56,Late,146,44,4,2,5,-47,0,2025-06-02
Free,65,On-time,249,41,3,1,4,-40,1,2025-02-19
Free,97,Late,109,38,2,1,3,-55,1,2025-07-09
Basic,94,Late,270,23,0,1,3,-60,1,2025-01-29
Free,37,Late,275,29,3,0,5,-86,1,2025-01-24
Basic,46,Late,171,55,4,1,6,-49,0,2025-05-08
Free,10,On-time,220,22,4,2,2,-39,1,2025-03-20
Free,14,Late,287,56,2,2,2,-20,1,2025-01-12
Free,3,Late,209,33,0,2,9,-88,1,2025-03-31
Basic,20,Late,335,21,0,0,8,-79,1,2024-11-25
Basic,50,On-time,78,32,0,1,9,-8,1,2025-08-09
Free,59,Late,89,30,1,2,7,-79,0,2025-07-29
Free,48,On-time,135,20,1,2,3,-83,0,2025-06-13
Basic,81,Late,283,59,4,2,7,-20,1,2025-01-16
Basic,52,On-time,316,16,0,0,8,-70,1,2024-12-14
Free,75,Late,225,37,2,2,9,-65,1,2025-03-15
Basic,34,Late,277,32,3,2,6,-44,1,2025-01-22
Free,64,Late,224,27,0,1,8,-82,1,2025-03-16
Basic,84,Late,207,18,1,1,7,-44,1,2025-04-02
Free,7,Late,45,50,3,2,4,-18,1,2025-09-11
Basic,50,On-time,101,52,3,2,3,-49,1,2025-07-17
Basic,40,Late,199,27,0,1,2,-47,1,2025-04-10
Basic,36,Late,222,38,2,1,5,-11,1,2025-03-18
Basic,25,Late,171,47,0,0,3,-53,1,2025-05-08
Basic,71,Late,44,43,3,2,4,-26,1,2025-09-12
Free,81,On-time,116,34,4,0,7,-50,1,2025-07-02
Basic,87,On-time,130,26,2,0,3,-35,1,2025-06-18
Basic,58,Late,108,25,3,0,3,-2,1,2025-07-10
Free,7,Late,208,40,0,1,7,-78,1,2025-04-01
Basic,57,On-time,343,27,2,0,3,-67,0,2024-11-17
Basic,30,On-time,183,32,2,1,8,-19,1,2025-04-26
Basic,13,Late,184,52,4,1,6,-12,1,2025-04-25
Free,68,Late,284,48,0,2,8,-54,1,2025-01-15
Free,87,On-time,158,29,1,1,2,-84,1,2025-05-21
Free,25,Late,106,23,3,0,9,-32,1,2025-07-12
Basic,87,Late,322,58,0,1,7,-19,1,2024-12-08
Basic,0,Late,180,55,3,2,9,-12,1,2025-04-29
Basic,65,Late,355,45,0,2,8,-68,1,2024-11-05
Basic,81,Late,326,54,0,2,3,-1,1,2024-12-04
Free,23,Late,241,36,2,1,2,-27,1,2025-02-27
Basic,88,On-time,350,40,0,0,4,-92,1,2024-11-10
Basic,22,Late,282,51,1,1,7,-33,1,2025-01-17
Basic,80,Late,191,58,3,0,7,-88,0,2025-04-18
Basic,4,On-time,219,55,3,2,9,-50,1,2025-03-21
Basic,46,On-time,84,33,0,2,7,-89,1,2025-08-03
Basic,56,Late,53,56,1,1,3,-20,1,2025-09-03
Free,70,Late,131,25,3,1,7,-4,1,2025-06-17
Free,50,Late,167,57,0,2,7,-9,1,2025-05-12
Basic,60,Late,101,53,2,2,8,-100,0,2025-07-17
Basic,94,Late,49,36,0,0,8,-30,1,2025-09-07
Free,48,Late,71,19,1,1,6,-29,0,2025-08-16
Basic,85,Late,242,17,4,0,6,-2,1,2025-02-26
Free,70,On-time,235,20,3,1,7,-83,1,2025-03-05
Free,10,On-time,142,50,3,2,2,-96,1,2025-06-06
Basic,19,Late,197,16,4,2,9,-42,0,2025-04-12
Basic,48,On-time,160,30,4,1,3,-91,1,2025-05-19
Free,66,On-time,296,47,2,0,4,-89,0,2025-01-03
Basic,42,Late,278,58,4,0,7,-54,1,2025-01-21
Free,13,On-time,233,31,1,1,6,-59,1,2025-03-07
Basic,21,Late,55,35,1,1,6,-45,1,2025-09-01
Basic,77,On-time,94,54,2,1,5,-94,1,2025-07-24
Free,11,Late,188,44,1,1,8,-65,0,2025-04-21
Free,74,On-time,183,20,0,0,2,-39,1,2025-04-26
Basic,21,On-time,356,45,1,2,5,-73,1,2024-11-04
Free,67,On-time,178,15,2,1,4,-30,1,2025-05-01
Free,6,Late,32,38,0,2,9,-12,1,2025-09-24
Basic,77,Late,162,50,4,1,6,-12,1,2025-05-17
Basic,57,Late,109,57,1,1,4,-55,0,2025-07-09
Basic,27,On-time,261,32,4,1,3,-16,0,2025-02-07
Basic,52,Late,308,16,1,2,8,-43,0,2024-12-22
Free,50,Late,255,38,1,2,5,-33,1,2025-02-13
Basic,24,Late,116,43,0,1,8,-59,1,2025-07-02
Basic,64,Late,85,26,1,2,9,-63,1,2025-08-02
Basic,33,On-time,181,35,4,0,4,-45,1,2025-04-28
Basic,67,Late,272,37,0,1,5,-8,1,2025-01-27
Free,74,Late,132,21,0,1,6,-90,1,2025-06-16
Free,65,Late,138,18,4,1,6,-24,1,2025-06-10
Basic,92,On-time,137,47,0,1,7,-70,1,2025-06-11
Basic,31,On-time,117,24,4,0,3,-3,1,2025-07-01
Basic,75,Late,61,28,2,2,5,-27,1,2025-08-26
Free,62,Late,243,59,3,2,5,-38,1,2025-02-25
Free,77,On-time,284,30,4,0,7,-91,1,2025-01-15
Basic,20,On-time,163,25,1,0,6,-28,1,2025-05-16
Free,51,Late,201,19,1,0,8,-92,1,2025-04-08
Basic,66,On-time,196,23,0,1,9,-21,1,2025-04-13
Basic,23,On-time,265,38,0,0,7,-49,1,2025-02-03
Basic,80,Late,352,24,3,0,5,-61,0,2024-11-08
Basic,30,Late,250,37,4,0,7,-86,1,2025-02-18
Basic,17,On-time,242,54,2,0,9,-64,1,2025-02-26
Basic,91,Late,281,39,4,0,7,-83,0,2025-01-18
Free,70,Late,47,54,1,0,9,-79,1,2025-09-09
Basic,6,On-time,197,29,4,1,5,-50,1,2025-04-12
Basic,21,On-time,238,45,3,0,5,-95,1,2025-03-02
Basic,50,On-time,230,22,3,2,7,-41,1,2025-03-10
Basic,13,Late,315,25,3,0,6,-67,0,2024-12-15
Basic,49,On-time,268,59,4,2,7,-69,1,2025-01-31
Basic,84,Late,50,53,0,0,4,-18,1,2025-09-06
Basic,89,Late,295,53,1,2,2,-97,1,2025-01-04
Free,84,On-time,91,40,4,1,6,-81,1,2025-07-27
Free,22,On-time,343,36,2,1,8,-86,1,2024-11-17
Basic,49,Late,90,47,0,1,5,-37,1,2025-07-28
Basic,50,On-time,230,57,4,2,3,-57,1,2025-03-10
Free,64,Late,55,34,3,0,2,-54,1,2025-09-01
Basic,15,Late,36,26,2,0,2,-27,0,2025-09-20
Basic,25,On-time,330,43,4,0,6,-10,1,2024-11-30
Basic,81,On-time,159,39,0,1,6,-50,1,2025-05-20
Basic,57,Late,34,25,4,1,3,-27,1,2025-09-22
Basic,23,Late,285,20,4,2,5,-50,0,2025-01-14
Free,84,Late,44,28,4,0,6,-84,1,2025-09-12
Basic,75,On-time,211,23,2,0,6,-93,1,2025-03-29
Free,3,Late,281,29,3,2,9,-91,1,2025-01-18
Basic,7,Late,88,43,2,1,7,-14,0,2025-07-30
Free,7,Late,358,40,0,0,2,-19,1,2024-11-02
Basic,60,Late,297,43,1,0,7,-43,1,2025-01-02
Free,80,On-time,191,30,0,0,3,-24,0,2025-04-18
Basic,38,Late,69,33,1,0,8,-52,1,2025-08-18
Basic,59,Late,261,58,2,2,6,-5,0,2025-02-07
Free,60,Late,168,41,1,1,7,-65,1,2025-05-11
Free,3,Late,71,48,1,2,4,-34,1,2025-08-16
Basic,90,On-time,78,27,0,0,9,-16,1,2025-08-09
Basic,46,Late,187,30,3,1,2,-81,1,2025-04-22
Basic,8,On-time,101,24,3,1,7,-21,0,2025-07-17
Free,23,On-time,142,49,4,0,2,-37,1,2025-06-06
Basic,86,Late,252,38,4,0,5,-98,1,2025-02-16
Basic,4,Late,270,28,3,2,9,-44,1,2025-01-29
Basic,61,On-time,325,40,4,0,9,-61,1,2024-12-05
Basic,14,Late,39,52,1,2,5,-82,1,2025-09-17
Basic,41,On-time,213,58,4,2,4,-91,1,2025-03-27
Basic,24,Late,116,24,4,1,5,-2,1,2025-07-02
Basic,72,On-time,230,22,4,0,5,-92,1,2025-03-10
Basic,41,Late,167,55,1,1,4,-77,1,2025-05-12
Free,25,On-time,89,43,2,0,6,-28,1,2025-07-29
Free,81,Late,292,16,1,1,2,-32,1,2025-01-07
Basic,93,On-time,197,27,4,1,6,-73,1,2025-04-12
Free,0,Late,90,54,2,1,3,-43,1,2025-07-28
Basic,81,Late,145,19,0,1,9,-73,1,2025-06-03
Free,91,Late,157,45,2,1,4,-55,1,2025-05-22
Basic,8,Late,233,46,0,1,6,-55,1,2025-03-07
Free,89,On-time,179,37,3,2,2,-39,1,2025-04-30
Basic,72,Late,252,17,1,1,5,-56,1,2025-02-16
Basic,67,Late,351,56,0,0,5,-98,0,2024-11-09
Basic,16,Late,93,30,1,1,6,-58,0,2025-07-25
Basic,47,Late,357,17,3,0,4,-92,1,2024-11-03
Basic,13,Late,117,37,0,1,4,-22,1,2025-07-01
Basic,20,Late,205,25,2,0,4,-44,1,2025-04-04
Basic,57,Late,351,33,1,1,9,-24,1,2024-11-09
Basic,79,Late,133,58,4,0,3,-60,1,2025-06-15
Free,1,On-time,215,41,2,0,7,-83,1,2025-03-25
Basic,5,Late,186,31,3,1,7,-58,1,2025-04-23
Basic,70,Late,142,27,3,0,3,-55,0,2025-06-06
Basic,11,Late,93,27,1,1,7,-54,1,2025-07-25
Basic,99,Late,87,52,0,1,2,-52,0,2025-07-31
Free,20,Late,364,57,1,0,8,-57,1,2024-10-27
Free,93,On-time,260,47,3,0,6,-56,1,2025-02-08
Basic,89,Late,38,29,4,0,6,-73,1,2025-09-18
Basic,30,Late,314,59,3,1,8,-90,0,2024-12-16
Free,31,Late,184,31,0,1,9,-96,1,2025-04-25
Basic,95,Late,359,55,4,2,6,-72,1,2024-11-01
Free,85,Late,75,17,2,1,7,-95,0,2025-08-12
Free,69,Late,289,45,2,2,5,-33,1,2025-01-10
Basic,8,Late,311,41,1,2,5,-15,0,2024-12-19
Free,81,On-time,335,41,1,1,9,-85,1,2024-11-25
Free,97,Late,166,30,4,0,2,-98,1,2025-05-13
Basic,99,On-time,278,29,0,0,9,-81,1,2025-01-21
Basic,4,Late,281,36,2,2,5,-66,0,2025-01-18
Free,6,Late,78,46,4,1,6,-59,1,2025-08-09
Basic,41,On-time,275,47,3,1,7,-56,1,2025-01-24
Basic,98,On-time,94,57,1,0,2,-40,0,2025-07-24
Free,3,Late,314,16,1,1,8,-39,1,2024-12-16
Basic,24,Late,363,18,1,1,2,-90,1,2024-10-28
Free,8,Late,157,28,3,0,6,-100,0,2025-05-22
Free,77,Late,94,19,1,0,3,-60,1,2025-07-24
Basic,31,On-time,241,38,1,1,4,-89,1,2025-02-27
Free,79,On-time,335,39,0,1,3,-52,0,2024-11-25
Basic,91,Late,123,18,2,2,7,-59,1,2025-06-25
Free,34,Late,79,52,0,2,7,-35,0,2025-08-08
Free,6,Late,233,31,0,0,2,-84,1,2025-03-07
Free,63,On-time,156,36,0,1,9,-84,1,2025-05-23
Basic,70,Late,75,38,0,2,8,-62,0,2025-08-12
Basic,97,Late,329,42,4,1,8,-52,1,2024-12-01
Basic,47,Late,95,39,3,2,7,-19,0,2025-07-23
Basic,82,Late,313,33,0,2,3,-61,1,2024-12-17
Free,16,Late,329,35,4,2,6,-6,0,2024-12-01
Free,41,On-time,245,16,1,1,9,-91,0,2025-02-23
Free,48,Late,298,17,1,0,3,-27,1,2025-01-01
Basic,74,Late,61,22,3,0,2,-16,1,2025-08-26
Basic,76,Late,345,54,0,0,4,-52,1,2024-11-15
Basic,20,Late,286,42,2,2,3,-72,1,2025-01-13
Basic,60,On-time,277,19,4,2,7,-48,1,2025-01-22
Free,68,Late,99,50,1,2,2,-50,0,2025-07-19
Free,44,On-time,133,57,0,2,3,-62,1,2025-06-15
Free,52,On-time,68,33,1,2,2,-57,1,2025-08-19
Basic,3,Late,231,20,3,0,6,-68,1,2025-03-09
Free,5,Late,121,26,3,1,7,-55,0,2025-06-27
Free,95,Late,203,21,3,2,8,-85,1,2025-04-06
Free,77,Late,356,53,0,2,8,-38,1,2024-11-04
Basic,87,Late,295,39,1,1,3,-67,0,2025-01-04
Basic,75,Late,294,44,4,2,9,-17,1,2025-01-05
Basic,70,On-time,70,38,2,1,6,-42,1,2025-08-17
Free,39,Late,83,28,3,0,6,-29,1,2025-08-04
Basic,73,Late,182,33,2,2,5,-89,1,2025-04-27
Basic,43,Late,34,24,0,2,9,-10,1,2025-09-22
Basic,68,On-time,344,48,3,2,4,-71,1,2024-11-16
Free,42,Late,212,35,4,1,7,-76,1,2025-03-28
Free,40,Late,323,58,4,2,7,-92,1,2024-12-07
Basic,38,Late,107,54,2,2,2,-10,0,2025-07-11
Free,89,Late,107,36,4,2,9,-79,1,2025-07-11
Free,8,Late,309,40,1,2,7,-75,1,2024-12-21
Basic,60,Late,248,31,2,1,5,-53,0,2025-02-20
Basic,85,On-time,113,29,4,0,8,-93,0,2025-07-05
Free,65,On-time,223,44,4,1,2,-38,0,2025-03-17
Basic,65,On-time,325,17,1,0,4,-19,1,2024-12-05
Basic,6,On-time,96,30,2,2,7,-91,1,2025-07-22
Basic,31,On-time,146,41,2,2,4,-2,1,2025-06-02
Basic,11,Late,268,36,2,0,5,-4,1,2025-01-31
Basic,21,Late,299,16,3,2,9,-14,1,2024-12-31
Basic,29,Late,77,56,3,1,3,-55,1,2025-08-10
Basic,53,Late,214,37,2,1,2,-48,1,2025-03-26
Basic,56,Late,194,55,4,0,6,-20,0,2025-04-15
Basic,9,Late,325,20,3,0,8,-96,1,2024-12-05
Basic,50,Late,353,29,2,0,9,-1,0,2024-11-07
Free,32,Late,284,18,3,2,5,-52,1,2025-01-15
Basic,37,On-time,36,41,4,0,6,-41,1,2025-09-20
Basic,27,Late,277,24,0,0,5,-38,1,2025-01-22
Free,89,Late,358,33,3,0,3,-30,1,2024-11-02
Basic,40,On-time,170,31,1,2,4,-90,1,2025-05-09
Basic,58,Late,274,53,1,0,4,-2,0,2025-01-25
Basic,51,Late,311,52,2,2,6,-20,0,2024-12-19
Basic,51,Late,333,17,0,2,8,-46,0,2024-11-27
Basic,4,Late,152,17,4,0,6,-7,1,2025-05-27
Basic,47,Late,310,25,0,0,6,-42,1,2024-12-20
Free,84,On-time,275,33,4,1,9,-16,1,2025-01-24
Free,99,Late,179,58,1,2,5,-28,1,2025-04-30
Basic,51,On-time,243,50,1,0,7,-11,1,2025-02-25
Basic,56,Late,313,54,0,0,6,-88,1,2024-12-17
Basic,89,Late,107,54,4,1,7,-33,1,2025-07-11
Free,89,Late,46,47,2,2,5,-43,1,2025-09-10
Free,10,Late,201,46,4,2,4,-2,1,2025-04-08
Basic,19,Late,361,42,3,2,7,-20,1,2024-10-30
Free,1,Late,91,50,0,2,6,-39,1,2025-07-27
Free,17,On-time,140,18,2,0,6,-5,1,2025-06-08
Basic,57,On-time,256,42,0,1,4,-44,1,2025-02-12
Free,23,Late,245,49,0,0,2,-4,1,2025-02-23
Basic,15,Late,117,51,2,0,9,-52,1,2025-07-01
Basic,4,Late,234,23,2,0,5,-52,0,2025-03-06
Basic,58,Late,301,30,4,1,2,-82,0,2024-12-29
Basic,63,Late,204,46,0,1,2,-57,1,2025-04-05
Free,89,Late,186,58,4,2,6,-28,0,2025-04-23
Free,61,Late,240,53,3,1,5,-5,1,2025-02-28
Free,86,Late,260,44,3,1,6,-47,1,2025-02-08
Basic,25,Late,163,48,3,2,7,-24,1,2025-05-16
Basic,58,Late,240,51,0,1,9,-31,1,2025-02-28
Free,72,On-time,297,31,1,2,3,-24,1,2025-01-02
Basic,62,Late,172,53,1,1,3,-100,1,2025-05-07
Basic,48,Late,54,54,3,0,7,-78,1,2025-09-02
Free,40,Late,140,47,3,0,8,-93,1,2025-06-08
Free,13,Late,207,45,4,0,4,-26,1,2025-04-02
Basic,31,Late,213,48,0,0,4,-9,1,2025-03-27
Free,37,Late,339,24,1,0,3,-53,1,2024-11-21
Basic,84,On-time,201,35,0,0,6,-46,0,2025-04-08
Basic,13,Late,128,47,0,0,5,-12,1,2025-06-20
Basic,32,Late,91,33,4,2,5,-93,1,2025-07-27
Free,28,On-time,54,57,0,0,9,-84,1,2025-09-02
Basic,13,Late,149,24,0,1,3,-65,1,2025-05-30
Basic,1,On-time,164,31,0,1,6,-15,1,2025-05-15
Basic,61,Late,235,57,0,2,3,-26,1,2025-03-05
Basic,10,Late,182,31,4,0,5,-93,1,2025-04-27
Free,54,On-time,246,16,4,1,2,-44,1,2025-02-22
Basic,19,On-time,160,56,2,2,4,-92,1,2025-05-19
Free,71,On-time,332,47,4,2,7,-70,1,2024-11-28
Free,45,Late,62,26,4,2,6,-84,1,2025-08-25
Basic,27,On-time,65,40,3,1,2,-39,1,2025-08-22
Basic,62,Late,184,37,3,1,6,-9,0,2025-04-25
Basic,67,Late,289,46,3,1,7,-1,1,2025-01-10
Basic,76,Late,307,55,3,2,2,-99,1,2024-12-23
Free,9,Late,350,40,0,0,7,-49,0,2024-11-10
Free,38,Late,137,30,4,1,7,-64,0,2025-06-11
Basic,83,Late,201,23,1,0,4,-45,1,2025-04-08
Basic,74,On-time,350,48,0,1,5,-94,1,2024-11-10
Basic,1,Late,137,50,4,2,6,-55,1,2025-06-11
Basic,5,Late,40,35,4,2,6,-91,1,2025-09-16
Basic,64,Late,229,20,3,1,2,-61,1,2025-03-11
Free,98,On-time,257,35,1,0,6,-38,1,2025-02-11
Free,69,Late,229,37,3,1,7,-13,1,2025-03-11
Free,43,On-time,206,37,3,2,8,-57,1,2025-04-03
Basic,31,Late,55,46,3,2,5,-3,1,2025-09-01
Basic,41,Late,196,46,3,0,3,-33,1,2025-04-13
Basic,52,Late,246,44,0,0,8,-49,1,2025-02-22
Free,41,Late,302,57,1,1,3,-28,1,2024-12-28
Free,79,Late,272,58,4,1,6,-48,1,2025-01-27
Basic,20,On-time,159,17,4,0,8,-75,0,2025-05-20
Basic,80,Late,30,17,3,0,7,-25,1,2025-09-26
Basic,32,On-time,267,50,4,2,5,-45,1,2025-02-01
Basic,34,On-time,286,45,2,2,2,-30,1,2025-01-13
Basic,83,Late,181,50,0,2,9,-56,1,2025-04-28
Basic,52,Late,61,35,4,2,5,-77,0,2025-08-26
Basic,45,Late,309,31,0,0,6,-22,1,2024-12-21
Basic,60,Late,243,19,2,0,6,-12,1,2025-02-25
Basic,94,Late,255,47,0,1,3,-76,1,2025-02-13
Free,94,Late,53,38,4,0,2,-49,1,2025-09-03
Basic,32,Late,176,33,3,0,2,-90,1,2025-05-03
Basic,14,Late,198,27,0,1,7,-70,1,2025-04-11
Basic,5,Late,290,33,1,2,8,-67,1,2025-01-09
Basic,14,Late,203,36,2,2,7,-26,1,2025-04-06
Free,80,Late,296,45,4,0,7,-15,0,2025-01-03
Free,84,Late,225,16,3,0,4,-87,0,2025-03-15
Basic,5,Late,139,42,2,2,3,-60,1,2025-06-09
Basic,22,Late,249,28,2,1,3,-94,1,2025-02-19
Basic,97,Late,136,47,3,2,7,-62,1,2025-06-12
Basic,73,Late,256,39,3,1,6,-52,1,2025-02-12
Basic,37,Late,250,57,3,0,5,-89,1,2025-02-18
Basic,46,Late,85,56,0,2,9,-63,0,2025-08-02
Free,94,Late,75,24,3,0,5,-62,0,2025-08-12
Basic,85,Late,295,41,1,0,8,-100,1,2025-01-04
Free,97,Late,180,24,1,1,2,-83,1,2025-04-29
Basic,87,Late,285,56,4,1,3,-94,1,2025-01-14
Free,30,Late,299,56,0,2,2,-8,1,2024-12-31
Basic,80,Late,304,55,4,2,6,-11,1,2024-12-26
Free,15,On-time,212,24,0,0,4,-94,0,2025-03-28
Basic,75,Late,348,26,3,1,9,-58,1,2024-11-12
Free,84,On-time,128,40,3,1,2,-52,1,2025-06-20
Free,3,Late,79,41,4,2,9,-80,1,2025-08-08
Basic,23,Late,160,38,0,1,3,-65,1,2025-05-19
Basic,33,Late,191,19,4,0,7,-78,1,2025-04-18
Basic,94,On-time,345,37,2,0,2,-40,1,2024-11-15
Basic,76,Late,235,47,3,0,9,-33,1,2025-03-05
Basic,48,Late,305,32,2,1,2,-91,0,2024-12-25
Free,98,Late,291,54,3,1,4,-61,1,2025-01-08
Free,18,Late,295,41,0,0,5,-77,1,2025-01-04
Basic,38,Late,243,59,1,0,4,-68,1,2025-02-25
Basic,46,On-time,197,40,1,2,3,-66,1,2025-04-12
Basic,11,Late,274,22,2,2,9,-88,1,2025-01-25
Free,57,Late,198,28,2,1,4,-60,1,2025-04-11
Free,86,Late,301,24,4,0,6,-52,0,2024-12-29
Basic,72,Late,221,50,3,1,5,-42,1,2025-03-19
Basic,4,On-time,83,19,0,2,2,-51,1,2025-08-04
Basic,49,On-time,62,43,4,1,5,-55,1,2025-08-25
Free,38,On-time,119,58,3,2,5,-39,0,2025-06-29
Free,62,Late,66,47,3,2,3,-83,1,2025-08-21
Free,86,On-time,196,33,1,1,4,-94,1,2025-04-13
Basic,96,On-time,320,19,2,0,3,-57,0,2024-12-10
Free,71,Late,136,58,0,1,5,-69,1,2025-06-12
Basic,27,On-time,314,29,1,0,2,-56,1,2024-12-16
Free,46,Late,112,15,3,1,7,-84,0,2025-07-06
Free,33,Late,218,44,2,2,4,-26,1,2025-03-22
Basic,3,On-time,339,26,1,0,8,-39,0,2024-11-21
Basic,39,On-time,232,24,2,1,4,-89,0,2025-03-08
Free,45,Late,299,42,3,0,6,-19,1,2024-12-31
Basic,76,Late,317,25,2,0,9,-39,1,2024-12-13
Free,55,Late,332,33,0,1,7,-49,1,2024-11-28
Basic,26,On-time,93,57,2,1,6,-18,1,2025-07-25
Basic,81,Late,352,33,0,2,8,-74,0,2024-11-08
Basic,17,Late,343,57,2,2,3,-48,0,2024-11-17
Free,44,On-time,330,44,3,1,5,-13,1,2024-11-30
Basic,7,Late,125,19,2,2,8,-100,1,2025-06-23
Basic,52,Late,205,17,4,1,7,-93,0,2025-04-04
Free,6,Late,116,46,0,2,2,-93,1,2025-07-02
Basic,64,On-time,335,54,2,2,8,-45,1,2024-11-25
Free,56,Late,191,47,2,0,3,-20,0,2025-04-18
Basic,0,On-time,236,41,1,1,8,-61,1,2025-03-04
Free,35,Late,190,54,0,1,6,-7,1,2025-04-19
Free,63,Late,305,42,0,0,2,-74,0,2024-12-25
Basic,33,Late,326,26,0,2,8,-7,0,2024-12-04
Free,56,Late,233,17,4,1,8,-69,1,2025-03-07
Basic,62,Late,72,21,1,2,8,-39,1,2025-08-15
Basic,42,Late,329,45,0,1,7,-81,1,2024-12-01
Basic,94,Late,158,46,0,2,4,-70,1,2025-05-21
Basic,50,Late,338,50,0,0,7,-80,0,2024-11-22
Basic,35,Late,263,35,2,1,4,-86,1,2025-02-05
Free,99,On-time,108,20,2,1,9,-68,1,2025-07-10
Basic,41,Late,333,49,4,0,5,-90,0,2024-11-27
Basic,32,Late,176,37,1,1,8,-37,0,2025-05-03
Free,33,On-time,292,47,2,1,4,-65,1,2025-01-07
Basic,29,Late,201,50,1,0,5,-60,1,2025-04-08
Basic,51,On-time,298,24,2,1,3,-61,1,2025-01-01
Basic,22,Late,316,52,3,2,4,-92,1,2024-12-14
Basic,37,On-time,254,15,1,1,2,-5,1,2025-02-14
Free,74,Late,284,33,0,2,9,-51,1,2025-01-15
Free,68,Late,249,45,1,2,8,-91,1,2025-02-19
Basic,31,Late,127,56,2,2,4,-51,1,2025-06-21
Free,44,Late,187,59,4,2,9,-43,1,2025-04-22
Basic,62,Late,44,28,1,2,8,-81,0,2025-09-12
Basic,31,Late,212,46,3,0,5,-28,1,2025-03-28
Free,68,Late,237,48,1,0,8,-18,1,2025-03-03
Basic,5,Late,255,47,1,2,8,-6,1,2025-02-13
Basic,79,Late,125,36,4,2,7,-84,0,2025-06-23
Basic,38,Late,237,29,1,1,9,-89,1,2025-03-03
Basic,16,Late,104,34,3,2,9,-99,1,2025-07-14
Basic,50,Late,94,31,4,1,7,-25,1,2025-07-24
Basic,76,Late,124,43,0,1,6,-6,1,2025-06-24
Basic,7,Late,41,28,0,2,6,-93,1,2025-09-15
Free,69,Late,79,46,1,1,8,-87,1,2025-08-08
Basic,65,Late,264,45,2,1,8,-84,1,2025-02-04
Basic,18,Late,70,24,2,2,9,-68,1,2025-08-17
Basic,10,Late,290,22,2,1,5,-41,1,2025-01-09
Basic,54,Late,215,58,3,0,9,-43,1,2025-03-25
Free,64,Late,272,42,3,1,9,-57,1,2025-01-27
Basic,3,On-time,51,47,4,0,6,-37,1,2025-09-05
Basic,51,Late,56,56,2,0,6,-10,1,2025-08-31
Basic,45,Late,133,33,2,0,7,-19,1,2025-06-15
Basic,64,Late,248,56,2,0,3,-82,0,2025-02-20
Free,40,Late,54,35,1,0,4,-77,0,2025-09-02
Basic,73,On-time,287,41,0,0,2,-38,1,2025-01-12
Basic,23,On-time,205,18,1,1,9,-40,1,2025-04-04
Basic,56,Late,328,23,0,0,2,-6,1,2024-12-02
Free,10,On-time,100,44,0,2,4,-32,1,2025-07-18
Free,75,Late,312,32,2,2,4,-96,1,2024-12-18
Free,75,Late,80,46,1,2,2,-27,0,2025-08-07
Basic,94,Late,311,27,3,2,2,-34,1,2024-12-19
Free,43,Late,297,36,3,0,2,-26,1,2025-01-02
Free,69,On-time,293,29,0,2,6,-66,1,2025-01-06
Basic,54,Late,175,18,4,2,7,-69,1,2025-05-04
Basic,6,Late,344,56,4,2,3,-60,1,2024-11-16
Free,5,On-time,319,58,4,1,2,-90,0,2024-12-11
Free,84,Late,76,33,3,1,7,-85,1,2025-08-11
Basic,96,Late,222,34,2,1,3,-98,1,2025-03-18
Basic,16,Late,314,22,3,1,4,-97,1,2024-12-16
Basic,81,Late,205,23,3,2,5,-4,1,2025-04-04
Basic,37,Late,243,50,3,1,5,-41,0,2025-02-25
Basic,36,Late,146,36,4,2,7,-63,1,2025-06-02
Free,35,On-time,332,46,1,1,7,-69,0,2024-11-28
Basic,11,Late,281,37,4,1,8,-55,1,2025-01-18
Basic,16,Late,82,40,3,2,3,-87,1,2025-08-05
Basic,86,Late,327,22,0,2,8,-15,1,2024-12-03
Basic,23,Late,320,56,1,2,2,-48,0,2024-12-10
Basic,69,On-time,289,28,2,0,5,-19,1,2025-01-10
Basic,89,Late,273,20,3,0,2,-94,1,2025-01-26
Free,30,On-time,321,31,1,2,4,-69,1,2024-12-09
Basic,83,On-time,192,19,2,2,7,-39,1,2025-04-17
Basic,26,Late,344,45,1,1,4,-17,1,2024-11-16
Basic,67,On-time,264,18,3,2,2,-79,1,2025-02-04
Basic,49,On-time,67,20,0,2,2,-83,1,2025-08-20
Basic,55,On-time,354,34,4,2,4,-10,1,2024-11-06
Basic,50,Late,121,22,1,2,7,-41,1,2025-06-27
Basic,62,Late,223,32,0,0,7,-67,1,2025-03-17
Basic,36,Late,63,53,1,0,7,-79,1,2025-08-24
Basic,4,Late,69,53,4,0,3,-74,1,2025-08-18
Basic,48,Late,183,17,0,2,5,-76,1,2025-04-26
Free,39,Late,233,54,1,0,9,-40,1,2025-03-07
Basic,54,On-time,51,31,4,2,2,-37,1,2025-09-05
Free,91,Late,123,23,2,1,9,-8,1,2025-06-25
Free,74,Late,130,36,4,2,8,-3,1,2025-06-18
Free,21,On-time,311,40,3,2,4,-59,0,2024-12-19
Free,59,Late,51,34,0,2,8,-44,1,2025-09-05
Basic,68,Late,287,47,2,1,6,-9,1,2025-01-12
Basic,89,Late,93,18,2,1,7,-55,1,2025-07-25
Free,71,Late,240,45,1,0,9,-63,1,2025-02-28
Free,9,Late,298,21,4,1,7,-8,0,2025-01-01
Free,32,On-time,343,21,2,1,6,-65,0,2024-11-17
Basic,87,Late,151,47,3,0,6,-97,1,2025-05-28
Basic,76,Late,178,54,4,1,4,-92,1,2025-05-01
Basic,15,Late,121,34,3,0,9,-65,1,2025-06-27
Basic,77,On-time,246,38,4,0,4,-99,1,2025-02-22
Basic,6,Late,260,18,2,1,3,-56,1,2025-02-08
Free,85,On-time,88,28,1,2,4,-38,1,2025-07-30
Basic,88,Late,88,50,2,1,6,-1,1,2025-07-30
Basic,83,Late,281,17,2,1,5,-62,1,2025-01-18
Basic,47,Late,307,39,2,2,8,-71,1,2024-12-23
Basic,18,Late,311,32,3,1,4,-93,1,2024-12-19
Basic,27,Late,278,51,1,2,6,-8,1,2025-01-21
Basic,23,Late,292,53,4,0,9,-22,0,2025-01-07
Basic,80,Late,179,29,3,1,3,-34,1,2025-04-30
Basic,3,On-time,144,27,1,1,7,-40,0,2025-06-04
Free,36,Late,74,15,2,2,6,-43,1,2025-08-13
Free,5,Late,109,37,0,0,9,-4,1,2025-07-09
Free,47,Late,142,27,0,1,3,-72,1,2025-06-06
Basic,45,On-time,324,42,3,0,6,-71,0,2024-12-06
Free,35,Late,205,20,3,2,5,-85,1,2025-04-04
Basic,8,On-time,192,51,4,1,5,-44,0,2025-04-17
Basic,51,Late,168,37,4,0,5,-17,1,2025-05-11
Free,41,Late,105,46,0,1,4,-39,1,2025-07-13
Basic,56,On-time,104,22,0,2,7,-99,1,2025-07-14
Basic,31,Late,264,47,4,0,5,-78,1,2025-02-04
Basic,54,Late,127,23,2,1,3,-12,1,2025-06-21
Free,86,On-time,217,53,0,2,6,-92,1,2025-03-23
Free,21,Late,43,48,1,2,8,-100,0,2025-09-13
Free,29,Late,109,31,0,1,3,-54,0,2025-07-09
Basic,9,Late,204,15,4,1,9,-13,1,2025-04-05
Free,59,Late,114,34,4,0,3,-23,0,2025-07-04
Basic,61,Late,219,47,0,1,2,-24,1,2025-03-21
Free,1,Late,235,45,0,0,6,-26,1,2025-03-05
Free,68,On-time,225,27,1,1,5,-97,1,2025-03-15
Basic,14,Late,172,22,3,1,7,-21,1,2025-05-07
Free,44,Late,234,22,2,1,8,-99,1,2025-03-06
Free,23,Late,134,40,2,1,6,-75,1,2025-06-14
Free,23,On-time,177,38,4,0,2,-75,1,2025-05-02
Basic,98,On-time,261,53,1,0,7,-77,0,2025-02-07
Basic,13,On-time,156,24,3,0,5,-44,1,2025-05-23
Free,27,On-time,156,26,2,2,9,-54,1,2025-05-23
Free,11,Late,114,48,4,2,5,-67,1,2025-07-04
Basic,84,On-time,268,51,0,0,4,-9,1,2025-01-31
Basic,26,On-time,221,45,3,1,4,-71,1,2025-03-19
Basic,6,On-time,71,35,3,1,5,-17,1,2025-08-16
Free,93,Late,134,58,2,2,2,-41,1,2025-06-14
Basic,36,Late,113,17,3,2,7,-35,1,2025-07-05
Free,51,On-time,60,28,4,0,2,-56,1,2025-08-27
Basic,66,On-time,270,37,0,0,8,-6,1,2025-01-29
Basic,56,On-time,46,15,3,1,5,-2,1,2025-09-10
Free,48,Late,98,51,3,1,6,-66,1,2025-07-20
Basic,42,Late,176,38,4,2,9,-45,1,2025-05-03
Basic,15,On-time,184,36,0,1,9,-17,1,2025-04-25
Free,17,On-time,241,41,0,0,3,-61,0,2025-02-27
Basic,29,Late,308,31,2,2,3,-5,1,2024-12-22
Basic,93,Late,173,39,0,1,6,-1,1,2025-05-06
Basic,36,Late,362,27,0,0,3,-46,1,2024-10-29
Free,26,Late,276,52,1,1,4,-21,0,2025-01-23
Free,0,Late,213,40,3,2,9,-24,1,2025-03-27
Basic,92,Late,288,49,1,2,3,-43,1,2025-01-11
Basic,22,Late,232,33,4,1,7,-23,1,2025-03-08
Free,77,Late,256,25,0,1,8,-80,1,2025-02-12
Basic,70,Late,197,46,1,2,7,-100,1,2025-04-12
Basic,19,Late,327,21,4,2,5,-27,0,2024-12-03
Free,17,Late,108,21,1,0,3,-28,1,2025-07-10
Free,59,Late,34,15,0,1,7,-83,1,2025-09-22
Basic,60,On-time,182,35,4,0,6,-35,0,2025-04-27
Free,1,Late,341,37,2,2,7,-58,1,2024-11-19
Free,95,Late,227,48,3,2,3,-44,1,2025-03-13
Free,78,Late,252,45,3,1,9,-64,0,2025-02-16
Basic,83,On-time,306,49,1,2,6,-98,0,2024-12-24
Basic,33,Late,350,16,1,0,6,-8,1,2024-11-10
Free,23,On-time,54,32,1,0,8,-96,1,2025-09-02
Basic,31,Late,249,39,1,0,2,-44,1,2025-02-19
Basic,54,Late,104,26,2,0,5,-21,1,2025-07-14
Free,51,Late,316,21,2,0,7,-64,1,2024-12-14
Free,56,Late,88,22,2,1,5,-73,0,2025-07-30
Free,25,Late,243,48,3,2,8,-51,1,2025-02-25
Basic,23,On-time,186,40,1,2,6,-17,1,2025-04-23
Free,73,On-time,48,40,2,0,6,-60,1,2025-09-08
Basic,43,On-time,183,32,1,1,9,-52,1,2025-04-26
Free,31,Late,67,26,0,1,4,-55,1,2025-08-20
Free,14,On-time,299,43,3,2,5,-10,1,2024-12-31
Basic,71,Late,339,33,3,2,8,-14,1,2024-11-21
Basic,43,On-time,187,53,4,0,5,-84,1,2025-04-22
Basic,20,Late,179,50,0,0,3,-58,1,2025-04-30
Basic,57,Late,279,43,2,0,4,-5,1,2025-01-20
Basic,16,Late,237,47,3,2,9,-68,1,2025-03-03
Free,57,On-time,347,26,4,1,5,-30,0,2024-11-13
Free,23,On-time,164,35,1,2,7,-47,0,2025-05-15
Basic,99,Late,101,33,3,2,2,-80,1,2025-07-17
Basic,91,Late,305,38,2,0,4,-40,1,2024-12-25
Basic,96,Late,317,45,0,0,2,-66,1,2024-12-13
Free,13,Late,171,40,4,1,3,-1,1,2025-05-08
Basic,37,Late,92,57,1,2,2,-7,1,2025-07-26
Free,48,On-time,212,20,4,1,4,-27,0,2025-03-28
Basic,18,Late,201,41,4,1,8,-79,0,2025-04-08
Basic,21,On-time,360,26,3,0,9,-61,1,2024-10-31
Basic,48,Late,135,19,2,1,5,-16,0,2025-06-13
Basic,92,Late,162,22,0,2,8,-69,1,2025-05-17
Free,48,Late,243,28,3,2,4,-50,0,2025-02-25
Free,1,Late,36,50,0,1,5,-32,0,2025-09-20
Basic,5,Late,343,37,2,0,5,-71,0,2024-11-17
Basic,16,Late,308,35,3,1,9,-20,1,2024-12-22
Free,82,Late,319,41,2,0,7,-17,1,2024-12-11
Basic,27,Late,194,34,3,0,3,-8,1,2025-04-15
Basic,21,On-time,276,42,1,2,6,-27,1,2025-01-23
Basic,26,Late,267,38,2,1,7,-84,1,2025-02-01
Basic,53,On-time,151,47,1,1,3,-48,0,2025-05-28
Basic,39,On-time,177,37,4,0,7,-18,1,2025-05-02
Basic,74,Late,331,47,2,0,3,-31,0,2024-11-29
Basic,87,On-time,330,49,4,0,2,-8,1,2024-11-30
Basic,81,Late,219,39,4,1,7,-28,0,2025-03-21
Free,32,Late,112,57,4,1,4,-64,0,2025-07-06
Basic,71,Late,62,45,2,2,2,-76,1,2025-08-25
Basic,67,Late,222,59,2,1,7,-80,0,2025-03-18
Basic,50,Late,258,42,1,1,3,-66,0,2025-02-10
Basic,31,Late,281,28,0,1,8,-21,1,2025-01-18
Basic,29,On-time,262,17,0,0,3,-80,1,2025-02-06
Basic,73,Late,295,53,0,0,8,-83,1,2025-01-04
Basic,33,On-time,261,27,1,1,3,-65,1,2025-02-07
Basic,93,Late,241,48,0,2,8,-41,1,2025-02-27
Basic,89,On-time,341,16,0,1,8,-92,1,2024-11-19
Free,74,Late,362,44,2,2,4,-35,1,2024-10-29
Basic,85,On-time,245,51,1,0,9,-38,1,2025-02-23
Free,26,On-time,114,55,2,0,5,-26,1,2025-07-04
Free,4,Late,291,43,0,0,9,-95,1,2025-01-08
Free,43,On-time,120,55,4,1,5,-13,1,2025-06-28
Basic,30,Late,172,57,2,1,7,-11,1,2025-05-07
Basic,93,Late,106,40,0,2,7,-69,0,2025-07-12
Free,85,Late,193,44,0,0,6,-78,1,2025-04-16
Free,42,On-time,109,34,4,0,5,-1,1,2025-07-09
Basic,49,Late,58,45,3,2,6,-54,1,2025-08-29
Basic,3,Late,159,51,2,2,2,-78,0,2025-05-20
Basic,41,Late,162,54,0,2,9,-4,1,2025-05-17
Free,41,Late,97,59,4,1,6,-93,1,2025-07-21
Basic,96,Late,311,18,3,0,7,-71,1,2024-12-19
Free,53,Late,282,37,3,1,3,-64,1,2025-01-17
Free,10,Late,97,46,4,2,8,-53,1,2025-07-21
Basic,24,On-time,286,57,2,1,5,-37,1,2025-01-13
Basic,66,On-time,269,56,1,1,9,-97,1,2025-01-30
Basic,35,Late,87,54,2,0,5,-65,1,2025-07-31
Basic,41,Late,134,31,4,0,9,-24,0,2025-06-14
Free,58,Late,265,51,2,2,9,-96,1,2025-02-03
Free,96,Late,281,44,0,2,9,-40,0,2025-01-18
Basic,22,Late,316,23,4,0,8,-25,1,2024-12-14
Basic,22,On-time,130,42,0,1,3,-92,1,2025-06-18
Basic,49,Late,139,34,1,2,2,-22,1,2025-06-09
Free,23,Late,38,22,1,1,8,-95,0,2025-09-18
Free,37,Late,129,58,0,2,4,-98,1,2025-06-19
Free,85,On-time,36,48,2,1,5,-2,0,2025-09-20
Basic,87,On-time,171,58,4,2,9,-64,1,2025-05-08
Basic,99,On-time,290,47,2,2,7,-69,0,2025-01-09
Free,26,Late,276,28,1,1,5,-16,0,2025-01-23
Basic,6,Late,237,59,2,1,2,-87,1,2025-03-03
Free,56,Late,323,23,3,0,5,-30,1,2024-12-07
Free,82,Late,253,24,2,0,4,-63,1,2025-02-15
Basic,84,Late,121,27,4,2,4,-35,1,2025-06-27
Basic,71,Late,144,22,1,2,5,-88,1,2025-06-04
Basic,66,On-time,55,25,4,2,3,-53,1,2025-09-01
Basic,35,Late,356,29,1,2,3,-45,1,2024-11-04
Free,15,On-time,81,58,1,0,9,-76,1,2025-08-06
Basic,25,Late,201,56,4,2,2,-15,1,2025-04-08
Basic,4,Late,267,35,0,0,4,-33,1,2025-02-01
Free,26,On-time,106,59,1,2,8,-18,1,2025-07-12
Basic,71,On-time,71,30,2,2,7,-82,1,2025-08-16
Basic,25,Late,85,35,3,2,4,-80,1,2025-08-02
Basic,94,On-time,55,23,4,0,8,-96,1,2025-09-01
Basic,90,Late,115,21,2,1,4,-10,1,2025-07-03
Basic,56,Late,185,51,3,0,4,-31,0,2025-04-24
Basic,38,On-time,59,15,1,1,7,-79,1,2025-08-28
Free,55,On-time,258,42,4,1,2,-1,1,2025-02-10
Basic,10,On-time,204,42,3,0,2,-99,0,2025-04-05
Free,77,Late,84,23,2,0,8,-2,1,2025-08-03
Basic,37,On-time,135,15,3,1,3,-11,1,2025-06-13
Basic,53,On-time,54,47,0,1,8,-41,1,2025-09-02
Basic,96,Late,30,18,4,1,9,-8,1,2025-09-26
Basic,32,Late,191,15,4,0,4,-65,1,2025-04-18
Basic,54,Late,273,56,1,2,6,-23,1,2025-01-26
Basic,45,On-time,148,20,1,0,4,-84,1,2025-05-31
Basic,17,On-time,328,30,3,2,6,-35,1,2024-12-02
Free,67,On-time,300,46,0,2,2,-19,0,2024-12-30
Free,60,Late,58,32,0,0,4,-2,1,2025-08-29
Basic,20,Late,109,23,1,1,8,-2,1,2025-07-09
Basic,60,Late,241,52,4,2,6,-60,1,2025-02-27
Basic,33,Late,108,44,1,0,3,-80,1,2025-07-10
Free,56,Late,305,59,3,2,5,-8,0,2024-12-25
Basic,22,Late,291,21,0,1,5,-21,0,2025-01-08
Basic,59,Late,234,22,3,0,6,-19,1,2025-03-06
Basic,69,On-time,101,16,3,0,3,-9,0,2025-07-17
Basic,86,On-time,137,18,4,1,7,-38,1,2025-06-11
Basic,64,On-time,90,32,1,2,4,-6,1,2025-07-28
Basic,54,Late,327,34,2,2,4,-58,0,2024-12-03
Basic,29,On-time,91,30,0,1,7,-81,1,2025-07-27
Free,2,Late,343,39,0,1,8,-26,0,2024-11-17
Free,4,Late,85,47,4,2,9,-16,1,2025-08-02
Basic,55,Late,361,39,4,2,5,-72,1,2024-10-30
Basic,46,Late,328,56,0,1,3,-28,1,2024-12-02
Basic,39,Late,363,26,4,2,7,-29,0,2024-10-28
Basic,34,Late,351,51,3,2,4,-81,0,2024-11-09
Basic,98,Late,163,24,3,1,3,-61,1,2025-05-16
Basic,4,Late,100,32,1,1,9,-95,0,2025-07-18
Basic,20,Late,199,41,0,1,5,-28,1,2025-04-10
Free,68,Late,187,43,2,1,6,-41,1,2025-04-22
Basic,6,On-time,340,58,0,1,7,-85,1,2024-11-20
Free,70,Late,48,47,2,2,3,-91,1,2025-09-08
Free,83,Late,328,29,1,2,5,-50,1,2024-12-02
Basic,41,Late,137,26,0,0,7,-29,1,2025-06-11
Free,90,Late,192,49,2,2,4,-20,1,2025-04-17
Basic,65,On-time,284,28,1,0,4,-91,1,2025-01-15
Basic,48,On-time,31,29,3,1,4,-53,1,2025-09-25
Free,35,Late,152,21,4,2,6,-62,1,2025-05-27
Basic,68,Late,33,17,1,1,7,-39,1,2025-09-23
Free,76,On-time,285,50,4,0,7,-80,1,2025-01-14
Basic,10,On-time,53,27,3,1,7,-6,1,2025-09-03
Free,6,Late,234,29,2,1,6,-95,1,2025-03-06
Basic,46,Late,224,56,1,1,5,-2,1,2025-03-16
Free,40,Late,134,37,3,1,9,-27,1,2025-06-14
Basic,47,Late,41,42,0,0,5,-26,1,2025-09-15
Basic,52,On-time,114,48,3,1,8,-37,0,2025-07-04
Free,54,Late,357,41,0,2,7,-82,1,2024-11-03
Basic,99,Late,323,26,4,1,6,-43,1,2024-12-07
Basic,30,On-time,308,16,0,0,2,-86,1,2024-12-22
Free,81,Late,320,43,4,1,6,-15,0,2024-12-10
Basic,22,On-time,281,19,0,0,2,-91,1,2025-01-18
Basic,89,Late,72,39,4,0,5,-36,1,2025-08-15
Basic,40,Late,274,19,2,0,6,-63,0,2025-01-25
Basic,59,Late,150,16,1,0,8,-85,1,2025-05-29
Basic,19,Late,134,43,4,0,6,-23,0,2025-06-14
Basic,38,Late,183,30,2,0,9,-64,1,2025-04-26
Basic,52,On-time,197,59,0,0,5,-34,0,2025-04-12
Basic,28,Late,322,23,0,0,7,-19,1,2024-12-08
Basic,30,On-time,118,41,0,1,6,-46,1,2025-06-30
Basic,26,Late,39,49,4,1,7,-26,0,2025-09-17
Free,30,Late,241,53,4,0,7,-85,1,2025-02-27
Basic,10,Late,264,20,4,1,8,-95,1,2025-02-04
Free,3,On-time,112,30,2,0,9,-56,0,2025-07-06
Basic,98,Late,49,59,3,0,2,-94,1,2025-09-07
Basic,98,Late,257,50,2,2,2,-40,0,2025-02-11
Basic,6,Late,100,58,1,2,8,-26,0,2025-07-18
Basic,77,Late,130,47,1,2,6,-3,1,2025-06-18
Basic,49,Late,183,40,3,1,4,-94,1,2025-04-26
Basic,71,Late,296,27,2,2,7,-58,1,2025-01-03
Basic,0,Late,232,16,2,1,3,-91,1,2025-03-08
Basic,48,Late,32,45,3,2,3,-61,0,2025-09-24
Free,56,Late,99,33,0,2,4,-91,1,2025-07-19
Basic,32,Late,303,22,3,0,7,-72,1,2024-12-27
Basic,45,On-time,159,47,1,1,3,-2,0,2025-05-20
Free,45,Late,77,42,1,2,5,-34,1,2025-08-10
Free,79,Late,122,43,1,0,3,-63,1,2025-06-26
Basic,55,Late,144,38,3,2,3,-42,1,2025-06-04
Free,39,On-time,85,27,4,2,2,-90,0,2025-08-02
Basic,2,Late,175,24,0,1,3,-7,1,2025-05-04
Basic,50,Late,153,44,3,0,2,-16,1,2025-05-26
Free,12,On-time,142,41,3,0,9,-93,1,2025-06-06
Free,23,Late,97,40,1,2,2,-87,1,2025-07-21
Basic,79,Late,167,41,1,1,7,-93,1,2025-05-12
Basic,83,Late,93,19,2,2,4,-76,1,2025-07-25
Free,21,On-time,186,33,1,1,7,-11,1,2025-04-23
Free,56,Late,204,34,3,1,4,-75,0,2025-04-05
Basic,99,Late,300,34,3,2,5,-77,1,2024-12-30
Free,55,On-time,57,28,0,2,9,-41,1,2025-08-30
Free,21,Late,253,21,2,0,9,-46,1,2025-02-15
Basic,22,On-time,242,37,0,0,9,-83,1,2025-02-26
Basic,99,Late,305,22,4,0,3,-58,1,2024-12-25
Basic,28,On-time,38,20,2,0,8,-30,1,2025-09-18
Basic,17,On-time,137,44,4,2,7,-8,1,2025-06-11
Basic,67,Late,69,54,1,2,7,-44,1,2025-08-18
Basic,56,Late,329,59,2,0,9,-54,1,2024-12-01
Basic,4,Late,86,26,3,1,3,-69,1,2025-08-01
Free,17,Late,185,32,2,2,7,-29,1,2025-04-24
Free,80,Late,353,29,4,2,9,-91,1,2024-11-07
Free,20,Late,50,44,3,0,8,-6,1,2025-09-06
Basic,31,On-time,305,22,4,2,8,-96,1,2024-12-25
Basic,35,Late,286,54,2,0,5,-16,0,2025-01-13
Basic,85,Late,35,50,0,2,6,-75,1,2025-09-21
Free,46,Late,109,35,4,0,8,-69,1,2025-07-09
Basic,31,Late,213,27,0,0,8,-18,0,2025-03-27
Free,45,Late,345,27,4,0,6,-48,1,2024-11-15
Free,68,On-time,326,40,0,1,6,-27,0,2024-12-04
Free,28,Late,148,26,3,2,4,-64,1,2025-05-31
Free,96,On-time,277,51,4,2,8,-41,1,2025-01-22
Free,77,Late,241,18,1,2,9,-12,1,2025-02-27
Basic,8,On-time,255,56,2,0,6,-91,1,2025-02-13
Free,94,Late,210,15,2,2,9,-71,1,2025-03-30
Basic,65,Late,275,20,3,2,2,-55,0,2025-01-24
Basic,75,On-time,73,37,2,2,7,-58,1,2025-08-14
Basic,89,Late,330,24,3,1,8,-4,1,2024-11-30
Free,84,Late,172,26,0,0,9,-88,1,2025-05-07
Basic,79,Late,57,41,2,0,4,-2,1,2025-08-30
Free,16,Late,307,38,4,1,4,-55,1,2024-12-23
Free,8,On-time,145,53,1,2,4,-92,1,2025-06-03
Free,63,Late,92,42,0,0,9,-88,0,2025-07-26
Basic,97,Late,94,19,4,0,9,-97,1,2025-07-24
Basic,58,Late,363,59,2,1,2,-94,0,2024-10-28
Free,19,Late,227,40,1,0,5,-85,1,2025-03-13
Basic,84,On-time,210,56,2,1,6,-25,1,2025-03-30
Basic,87,On-time,239,47,4,1,6,-33,1,2025-03-01
Free,36,On-time,223,57,3,0,9,-23,0,2025-03-17
Basic,65,On-time,244,22,4,2,8,-92,1,2025-02-24
Free,25,Late,314,42,4,0,3,-24,1,2024-12-16
Basic,72,Late,248,49,4,0,9,-26,1,2025-02-20
Free,46,On-time,363,17,1,0,7,-42,1,2024-10-28
Basic,64,On-time,342,48,4,2,2,-60,1,2024-11-18
Free,38,Late,280,46,4,2,8,-4,0,2025-01-19
Basic,54,Late,252,22,0,0,6,-41,0,2025-02-16
Basic,78,Late,313,18,0,1,6,-21,1,2024-12-17
Basic,56,Late,197,43,2,0,3,-19,1,2025-04-12
Basic,86,Late,223,37,2,1,5,-11,1,2025-03-17
Basic,94,Late,144,34,4,1,7,-40,1,2025-06-04
Basic,3,Late,159,44,1,2,7,-93,1,2025-05-20
Free,81,Late,316,55,3,1,6,-87,0,2024-12-14
Basic,87,On-time,217,46,2,2,7,-48,0,2025-03-23
Basic,37,On-time,348,30,3,1,2,-22,1,2024-11-12
Free,46,Late,132,56,2,0,2,-50,1,2025-06-16
Basic,84,On-time,117,49,0,2,7,-54,1,2025-07-01
Free,39,On-time,146,29,4,0,6,-13,1,2025-06-02
Basic,27,On-time,356,54,0,1,8,-44,1,2024-11-04
Basic,42,On-time,84,20,3,2,3,-13,1,2025-08-03
Free,73,On-time,93,39,2,2,3,-39,1,2025-07-25
Basic,78,Late,356,52,3,2,6,-18,1,2024-11-04
Basic,42,On-time,268,46,3,2,2,-45,1,2025-01-31
Free,57,Late,356,38,2,2,2,-100,1,2024-11-04
Basic,41,Late,278,31,4,1,8,-89,1,2025-01-21
Basic,42,On-time,91,23,4,1,8,-69,0,2025-07-27
Basic,75,On-time,135,50,4,2,3,-29,1,2025-06-13
Basic,74,Late,78,29,2,2,3,-24,1,2025-08-09
Basic,99,On-time,342,40,4,2,7,-3,0,2024-11-18
Basic,37,Late,63,43,3,0,9,-52,1,2025-08-24
Free,77,Late,218,37,3,1,5,-66,1,2025-03-22
Free,13,Late,146,39,1,0,5,-9,1,2025-06-02
Free,86,Late,259,16,3,0,2,-45,1,2025-02-09
Free,12,Late,35,34,4,0,9,-23,1,2025-09-21
Free,26,Late,357,29,2,0,2,-26,1,2024-11-03
Basic,71,Late,52,30,3,2,4,-91,1,2025-09-04
Free,67,Late,215,19,0,2,7,-40,1,2025-03-25
Basic,19,Late,308,23,0,2,8,-34,1,2024-12-22
Free,72,Late,339,23,0,2,4,-23,1,2024-11-21
Basic,75,Late,219,39,0,1,3,-80,1,2025-03-21
Basic,70,Late,227,57,1,0,2,-29,1,2025-03-13
Basic,92,Late,276,55,3,0,4,-47,1,2025-01-23
Basic,47,On-time,172,41,0,1,4,-76,1,2025-05-07
Free,53,Late,111,23,3,1,2,-26,1,2025-07-07
Basic,58,Late,345,31,3,2,7,-70,1,2024-11-15
Basic,82,Late,237,58,2,0,7,-22,0,2025-03-03
Basic,72,Late,306,38,0,1,5,-3,1,2024-12-24
Basic,26,On-time,45,33,3,0,7,-14,0,2025-09-11
Basic,96,On-time,58,39,4,0,3,-97,1,2025-08-29
Basic,9,Late,218,36,2,1,7,-10,1,2025-03-22
Basic,79,Late,78,50,2,1,2,-29,0,2025-08-09
Basic,35,On-time,284,28,4,2,4,-64,1,2025-01-15
Basic,21,On-time,268,16,1,1,8,-37,1,2025-01-31
Basic,55,On-time,258,55,2,0,4,-92,1,2025-02-10
Free,58,On-time,169,21,4,1,2,-28,1,2025-05-10
Free,86,Late,64,48,2,0,6,-31,1,2025-08-23
Free,73,Late,106,58,4,1,2,-86,0,2025-07-12
Basic,60,Late,354,57,0,0,5,-2,1,2024-11-06
Basic,4,Late,81,33,0,2,4,-65,1,2025-08-06
Basic,88,Late,117,56,4,2,5,-34,1,2025-07-01
Basic,46,Late,50,27,2,1,5,-10,0,2025-09-06
Basic,94,On-time,301,59,4,1,3,-66,1,2024-12-29
Free,78,Late,152,25,0,0,7,-46,1,2025-05-27
Free,34,Late,67,28,0,0,5,-82,1,2025-08-20
Free,6,Late,332,52,0,0,5,-20,1,2024-11-28
Basic,19,On-time,306,50,3,0,2,-83,0,2024-12-24
Free,47,Late,76,51,2,2,9,-40,1,2025-08-11
Basic,38,On-time,36,39,4,2,3,-44,1,2025-09-20
Free,61,Late,191,52,1,2,9,-37,1,2025-04-18
Basic,8,On-time,81,47,3,1,8,-63,1,2025-08-06
Free,49,Late,284,24,1,0,3,-35,1,2025-01-15
Basic,18,Late,338,30,2,2,9,-93,1,2024-11-22
Basic,31,Late,255,45,0,1,3,-29,0,2025-02-13
Free,86,Late,87,45,3,2,8,-67,0,2025-07-31
Free,16,On-time,224,39,2,0,4,-33,0,2025-03-16
Basic,89,Late,230,51,4,0,3,-76,1,2025-03-10
Free,82,Late,97,38,1,2,3,-17,1,2025-07-21
Free,79,Late,165,54,3,1,9,-28,1,2025-05-14
Free,10,Late,97,47,0,2,8,-28,0,2025-07-21
Basic,40,On-time,280,53,2,2,5,-8,0,2025-01-19
Free,51,On-time,331,45,4,2,9,-2,1,2024-11-29
Basic,88,Late,301,40,0,0,2,-13,1,2024-12-29
Basic,22,Late,362,37,0,0,2,-38,0,2024-10-29
Free,79,Late,312,48,3,1,9,-34,1,2024-12-18
Basic,0,Late,332,42,1,0,2,-39,1,2024-11-28
Basic,92,Late,298,52,4,2,8,-1,1,2025-01-01
Basic,3,On-time,233,45,0,1,2,-87,0,2025-03-07
Basic,21,Late,265,49,3,0,7,-17,1,2025-02-03
Basic,21,Late,257,38,4,1,5,-52,0,2025-02-11
Free,54,On-time,76,59,4,2,5,-6,0,2025-08-11
Basic,7,Late,312,23,2,2,2,-91,1,2024-12-18
Free,37,On-time,255,53,4,0,7,-16,0,2025-02-13
Basic,0,Late,134,41,0,0,2,-29,1,2025-06-14
Basic,22,On-time,305,45,2,1,3,-99,1,2024-12-25
Basic,59,Late,137,31,4,0,3,-64,1,2025-06-11
Basic,2,Late,60,47,4,0,5,-72,1,2025-08-27
Basic,46,On-time,307,28,1,0,6,-26,1,2024-12-23
Basic,0,Late,349,49,2,1,7,-99,1,2024-11-11
Free,40,Late,34,39,0,2,6,-62,1,2025-09-22
Free,41,Late,64,56,4,1,9,-31,1,2025-08-23
Basic,27,On-time,243,48,4,1,2,-8,1,2025-02-25
Basic,58,On-time,201,29,2,1,7,-7,1,2025-04-08
Free,35,Late,238,15,1,0,8,-89,1,2025-03-02
Free,91,Late,336,17,3,0,4,-49,1,2024-11-24
Basic,18,Late,60,35,2,0,5,-87,1,2025-08-27
Basic,75,Late,302,58,4,1,3,-50,1,2024-12-28
Free,49,Late,345,20,3,2,5,-33,0,2024-11-15
Free,4,Late,230,48,3,1,2,-63,1,2025-03-10
Free,72,On-time,241,51,3,1,7,-21,1,2025-02-27
Basic,38,Late,282,37,0,0,6,-39,0,2025-01-17
Free,67,On-time,295,17,4,2,6,-75,1,2025-01-04
Free,96,Late,45,53,2,2,4,-92,1,2025-09-11
Basic,85,Late,189,56,0,0,7,-20,1,2025-04-20
Free,91,On-time,245,50,4,0,2,-64,1,2025-02-23
Basic,2,Late,321,31,4,1,9,-95,1,2024-12-09
Basic,85,Late,115,29,2,0,5,-93,1,2025-07-03
Free,58,Late,143,39,0,0,2,-40,1,2025-06-05
Basic,62,On-time,90,57,0,2,9,-48,1,2025-07-28
Basic,31,On-time,256,49,1,0,3,-39,1,2025-02-12
Basic,25,Late,211,18,1,1,6,-76,1,2025-03-29
Basic,36,Late,63,31,0,0,2,-33,1,2025-08-24
Free,25,Late,45,39,0,0,4,-51,1,2025-09-11
Basic,78,Late,33,27,3,2,2,-82,1,2025-09-23
Free,71,On-time,238,25,2,2,5,-12,1,2025-03-02
Free,73,Late,250,34,2,1,6,-24,1,2025-02-18
Basic,89,Late,73,28,1,2,6,-76,1,2025-08-14
Free,10,Late,330,54,4,1,8,-92,0,2024-11-30
Free,94,Late,62,20,3,0,4,-97,1,2025-08-25
Basic,71,Late,319,40,0,2,3,-43,1,2024-12-11
Basic,33,On-time,340,15,4,1,7,-44,1,2024-11-20
Basic,64,On-time,116,31,1,2,4,-35,1,2025-07-02
Free,59,On-time,314,39,0,0,3,-61,1,2024-12-16
Free,67,Late,312,18,2,0,2,-30,1,2024-12-18
Basic,42,Late,322,24,1,2,7,-18,1,2024-12-08
Free,29,On-time,177,59,4,1,6,-63,1,2025-05-02
Basic,29,Late,215,20,1,1,2,-33,0,2025-03-25
Basic,12,On-time,288,17,2,1,6,-9,0,2025-01-11
Free,3,Late,238,15,2,2,7,-99,1,2025-03-02
Free,51,On-time,31,25,1,2,9,-58,1,2025-09-25
Basic,90,Late,130,47,1,2,5,-83,1,2025-06-18
Free,86,Late,236,37,0,1,5,-50,1,2025-03-04
Free,15,On-time,222,17,2,0,3,-36,1,2025-03-18
Free,38,Late,213,40,3,0,8,-26,1,2025-03-27
Free,42,Late,196,48,4,1,9,-3,1,2025-04-13
Free,78,Late,38,36,2,2,9,-86,1,2025-09-18
Basic,72,Late,74,50,1,0,9,-83,0,2025-08-13
Free,27,Late,228,51,1,1,5,-56,1,2025-03-12
Basic,15,On-time,94,45,2,0,6,-71,1,2025-07-24
Free,5,Late,61,17,0,0,9,-3,1,2025-08-26
Free,51,Late,289,26,0,1,2,-84,1,2025-01-10
Basic,47,Late,274,53,0,1,6,-75,1,2025-01-25
Basic,79,On-time,308,24,3,2,9,-78,1,2024-12-22
Free,4,Late,72,39,3,0,7,-62,0,2025-08-15
Basic,93,Late,227,47,2,2,6,-19,0,2025-03-13
Basic,68,Late,108,51,0,1,4,-10,0,2025-07-10
Basic,15,Late,299,35,0,2,7,-45,1,2024-12-31
Free,22,On-time,247,20,1,0,5,-64,1,2025-02-21
Basic,39,Late,120,53,3,0,4,-29,1,2025-06-28
Free,3,Late,328,31,4,2,8,-53,1,2024-12-02
Basic,16,Late,162,31,3,0,8,-48,1,2025-05-17
Basic,52,On-time,98,34,1,0,9,-71,1,2025-07-20
Basic,52,Late,173,19,2,1,7,-92,0,2025-05-06
Free,7,Late,48,34,0,0,6,-23,1,2025-09-08
Basic,86,On-time,128,16,0,0,5,-50,1,2025-06-20
Basic,2,Late,352,55,2,1,5,-30,1,2024-11-08
Free,50,On-time,223,22,4,0,6,-82,1,2025-03-17
Basic,17,Late,208,20,0,2,9,-18,1,2025-04-01
Basic,82,On-time,127,48,3,2,2,-96,0,2025-06-21
Basic,44,Late,237,51,0,1,6,-50,0,2025-03-03
Basic,27,Late,304,31,2,0,2,-81,1,2024-12-26
Free,38,On-time,101,38,4,2,6,-66,1,2025-07-17
Free,8,On-time,72,35,4,0,7,-91,1,2025-08-15
Basic,81,Late,33,45,3,2,7,-91,1,2025-09-23
Basic,23,Late,205,45,3,2,6,-67,1,2025-04-04
Basic,26,Late,351,36,1,0,5,-31,1,2024-11-09
Basic,3,Late,172,47,1,0,4,-64,1,2025-05-07
Free,78,On-time,237,22,4,2,6,-58,1,2025-03-03
Free,65,Late,208,17,0,0,6,-48,1,2025-04-01
Free,5,Late,136,38,4,1,5,-26,1,2025-06-12
Free,10,Late,273,28,1,0,4,-6,1,2025-01-26
Basic,44,On-time,354,54,2,1,7,-67,1,2024-11-06
Basic,94,On-time,276,16,4,2,2,-72,1,2025-01-23
Free,44,Late,350,39,3,1,8,-9,1,2024-11-10
Free,49,On-time,355,53,1,1,8,-24,1,2024-11-05
Basic,61,On-time,272,37,3,1,3,-79,1,2025-01-27
Free,71,Late,195,17,2,2,5,-59,1,2025-04-14
Free,81,Late,307,47,4,2,5,-73,1,2024-12-23
Basic,9,Late,297,38,4,2,8,-94,1,2025-01-02
Basic,98,Late,258,38,2,0,6,-64,1,2025-02-10
Basic,92,Late,219,56,4,0,8,-55,1,2025-03-21
Basic,48,On-time,103,42,4,1,2,-7,0,2025-07-15
Basic,32,On-time,204,35,4,0,6,-57,1,2025-04-05
Basic,17,Late,76,23,2,1,9,-46,1,2025-08-11
Free,15,Late,56,15,1,2,4,-59,1,2025-08-31
Basic,47,Late,230,54,0,2,2,-3,1,2025-03-10
Basic,14,On-time,349,58,3,2,9,-13,1,2024-11-11
Basic,14,Late,107,30,4,1,6,-81,1,2025-07-11
Free,46,On-time,157,32,0,0,8,-5,1,2025-05-22
Basic,97,Late,345,31,4,0,8,-94,1,2024-11-15
Basic,10,Late,228,43,0,2,2,-56,1,2025-03-12
Basic,69,Late,128,52,1,1,9,-26,1,2025-06-20
Basic,16,On-time,312,46,4,0,7,-23,1,2024-12-18
Basic,42,Late,359,28,3,0,2,-46,1,2024-11-01
Free,58,Late,243,16,3,0,8,-27,1,2025-02-25
Basic,65,Late,121,39,1,2,4,-43,1,2025-06-27
Basic,33,Late,71,20,3,2,8,-70,0,2025-08-16
Basic,93,Late,233,52,1,2,9,-57,1,2025-03-07
Basic,34,Late,172,53,4,0,4,-97,1,2025-05-07
Basic,20,Late,289,42,1,1,9,-79,1,2025-01-10
Basic,30,Late,236,32,1,1,5,-78,1,2025-03-04
Free,39,On-time,338,29,4,0,5,-52,1,2024-11-22
Basic,22,Late,263,40,4,1,7,-69,1,2025-02-05
Free,64,Late,48,23,1,0,8,-14,0,2025-09-08
Free,59,Late,57,54,3,0,6,-45,1,2025-08-30
Free,92,Late,247,22,1,2,8,-10,1,2025-02-21
Basic,12,On-time,281,47,4,1,6,-45,1,2025-01-18
Basic,31,On-time,347,19,2,2,5,-56,1,2024-11-13
Basic,81,Late,56,33,0,1,7,-84,1,2025-08-31
Basic,30,On-time,90,31,1,0,8,-47,1,2025-07-28
Basic,92,On-time,135,59,2,2,6,-72,0,2025-06-13
Free,92,On-time,177,59,3,0,6,-14,0,2025-05-02
Free,86,Late,285,52,3,2,3,-1,1,2025-01-14
Basic,26,Late,56,45,0,0,3,-84,1,2025-08-31
Basic,78,Late,129,42,4,1,3,-74,1,2025-06-19
Free,5,On-time,313,43,3,0,4,-65,1,2024-12-17
Free,24,Late,216,19,3,1,3,-59,1,2025-03-24
Basic,80,Late,325,29,0,1,6,-57,1,2024-12-05
Free,97,Late,97,40,4,0,8,-29,1,2025-07-21
Basic,42,Late,48,31,4,2,2,-14,1,2025-09-08
Free,39,Late,275,40,0,1,9,-58,1,2025-01-24
Basic,55,On-time,78,55,1,1,3,-70,1,2025-08-09
Basic,45,On-time,319,49,4,2,8,-32,1,2024-12-11
Basic,36,Late,137,47,2,1,2,-84,1,2025-06-11
Basic,38,On-time,181,34,3,2,6,-30,1,2025-04-28
Free,34,On-time,332,31,4,1,4,-77,1,2024-11-28
Free,0,Late,220,19,3,2,6,-38,1,2025-03-20
Basic,66,Late,134,40,1,2,2,-96,1,2025-06-14
Basic,66,Late,206,43,1,2,4,-62,1,2025-04-03
Free,35,Late,55,37,3,1,3,-51,1,2025-09-01
Free,37,Late,102,38,1,2,7,-41,1,2025-07-16
Basic,15,Late,358,59,4,0,4,-26,1,2024-11-02
Free,57,Late,344,54,2,2,7,-80,1,2024-11-16
Basic,86,On-time,161,48,1,0,7,-66,1,2025-05-18
Basic,48,Late,247,41,0,0,5,-85,1,2025-02-21
Free,25,On-time,234,21,1,0,3,-60,1,2025-03-06
Basic,44,On-time,87,38,3,2,8,-83,0,2025-07-31
Free,28,On-time,344,43,1,1,2,-10,1,2024-11-16
Basic,5,Late,147,19,3,2,4,-45,1,2025-06-01
Basic,32,Late,106,40,4,0,2,-94,1,2025-07-12
Free,41,On-time,337,51,0,2,7,-16,1,2024-11-23
Basic,93,Late,151,31,2,1,2,-28,0,2025-05-28
Free,6,Late,205,22,1,2,5,-22,1,2025-04-04
Basic,35,Late,181,20,0,1,2,-79,1,2025-04-28
Free,25,Late,190,38,0,0,3,-84,1,2025-04-19
Basic,57,Late,32,16,2,2,6,-9,1,2025-09-24
Free,92,Late,180,38,3,0,8,-25,1,2025-04-29
Basic,96,Late,245,25,1,0,6,-22,1,2025-02-23
Free,51,On-time,227,57,3,0,9,-63,1,2025-03-13
Basic,46,On-time,179,48,2,1,2,-13,1,2025-04-30
Basic,74,Late,268,43,3,0,2,-46,1,2025-01-31
Free,16,On-time,338,19,3,0,7,-33,1,2024-11-22
Free,38,On-time,234,48,0,1,9,-98,0,2025-03-06
Basic,79,Late,86,43,2,0,9,-80,0,2025-08-01
Basic,61,On-time,245,51,2,2,8,-71,1,2025-02-23
Basic,39,On-time,76,34,0,0,6,-11,1,2025-08-11
Basic,60,On-time,297,31,4,0,6,-22,1,2025-01-02
Basic,47,Late,35,34,4,0,5,-17,1,2025-09-21
Basic,6,Late,133,48,4,2,2,-38,1,2025-06-15
Basic,28,Late,111,38,3,0,3,-92,1,2025-07-07
Free,36,Late,323,28,3,2,9,-14,0,2024-12-07
Basic,56,Late,62,28,3,1,3,-57,0,2025-08-25
Basic,71,Late,222,59,2,1,3,-14,1,2025-03-18
Free,0,Late,175,20,3,0,7,-15,1,2025-05-04
Basic,9,On-time,193,40,2,2,3,-68,1,2025-04-16
Free,55,On-time,169,33,2,0,9,-97,1,2025-05-10
Basic,35,Late,226,27,0,2,8,-55,1,2025-03-14
Basic,73,On-time,46,40,1,1,4,-26,1,2025-09-10
Basic,97,Late,251,25,4,2,5,-49,1,2025-02-17
Free,83,Late,291,45,0,1,6,-17,1,2025-01-08
Free,65,On-time,267,22,4,0,2,-61,1,2025-02-01
Basic,47,On-time,127,38,4,2,5,-28,1,2025-06-21
Free,80,Late,173,51,3,2,3,-49,1,2025-05-06
Basic,5,Late,342,35,2,2,4,-45,1,2024-11-18
Free,55,Late,153,46,4,0,6,-48,1,2025-05-26
Basic,76,Late,240,48,2,0,7,-16,1,2025-02-28
Basic,5,Late,352,57,2,2,7,-1,1,2024-11-08
Free,6,Late,298,50,0,2,7,-3,1,2025-01-01
Basic,42,On-time,254,56,4,2,2,-50,1,2025-02-14
Free,46,Late,257,15,3,0,6,-56,0,2025-02-11
Basic,73,Late,137,46,3,0,2,-1,0,2025-06-11
Basic,79,Late,239,34,4,2,3,-52,1,2025-03-01
Free,15,Late,77,57,2,1,6,-23,1,2025-08-10
Basic,36,Late,88,56,3,1,6,-40,1,2025-07-30
Free,38,Late,284,28,2,1,5,-90,1,2025-01-15
Basic,62,Late,319,58,2,0,5,-17,1,2024-12-11
Basic,99,On-time,65,47,2,1,7,-89,1,2025-08-22
Basic,65,Late,47,37,1,0,4,-64,1,2025-09-09
Free,92,Late,72,20,1,2,9,-34,1,2025-08-15
Basic,30,Late,88,20,3,0,2,-61,0,2025-07-30
Basic,67,Late,188,45,2,2,2,-95,0,2025-04-21
Free,19,Late,109,18,4,1,4,-42,0,2025-07-09
Basic,29,Late,183,34,2,2,5,-60,1,2025-04-26
